timestamp,data
2024-09-04 10:17:31.519,"13,13,14,41,51,13,13,33,0,10,5,12,12,0,14,16,0,10,8,8,6,7,5,9,5,7,0,0,0,6,0,0,45,27,17,12,0,6,8,34,0,15,12,23,11,0,13,28,5,15,18,22,23,31,38,34,45,15,5,0,0,0,0,0,17,17,13,9,0,0,0,6,0,0,6,0,0,0,0,0,0,0,8,11,19,18,15,30,14,10,0,0,6,11,7,6,11,7,5,19,0,0,0,0,0,0,0,0,0,0,0,0,0,0,0,0,0,7,7,8,11,11,6,26,10,40,22,11,0,0,0,0,0,0,0,0,0,0,0,0,0,0,0,0,0,0,0,0,0,0,0,0,0,0,5,31,10,16,10,10,0,0,0,0,0,0,0,0,0,0,0,0,0,0,0,0,0,19,5,0,0,5,0,0,0,0,0,0,0,0,0,0,0,7,0,0,0,0,0,0,0,0,0,0,0,8,0,8,0,13,6,7,9,25,0,5,8,0,0,0,0,0,0,0,0,0,0,0,12,5,0,0,0,0,0,0,0,0,0,0,0,0,0,0,0,0,0,0,5,0,7,9,0,0,0,0,0,0,0,0,0,0,0,0,0,0,0,0,0,0,0,0,0,0,0,0,0,0,0,0,9,0,8,9,6,7,0,0,0,0,0,0,0,0,0,0,0,0,0,0,0,0,0,0,0,0,5,0,0,0,0,5,13,22,22,20,25,36,11,5,0,0,0,0,0,0,0,0,0,0,0,0,0,0,7,7,0,0,0,0,0,5,0,0,5,14,40,19,32,18,6,0,0,0,0,0,0,0,0,0,0,0,0,0,0,0,0,0,0,0,0,6,0,5,0,0,0,0,0,0,0,0,0,0,0,0,0,0,0,0,0,0,0,0,0,0,0,0,0,0,0,0,0,0,0,0,0,0,0,0,13,8,0,5,0,0,0,0,0,0,0,0,0,0,0,0,0,0,0,0,0,0,9,0,8,5,7,0,0,0,14,7,37,9,0,0,0,0,0,0,0,0,0,0,0,0,0,0,0,0,0,0,0,0,0,0,0,0,0,0,0,0,0,0,0,0,0,0,0,0,9,10,0,0,0,0,0,0,0,0,0,0,0,0,0,0,0,0,0,0,0,0,0,0,0,14,0,0,0,0,0,0,0,0,0,0,0,0,0,0,0,0,0,6,0,0,0,0,0,0,0,0,0,0,0,0,0,0,0,0,6,0,0,0,0,0,0,0,0,0,0,7,0,5,8,10,0,0,0,0,0,8,0,0,5,5,0,17,21,12,14,15,16,18,13,26,0,0,0,0,0,0,0,6,0,0,0,0,6,0,0,0,0,0,0,0,0,0,0,7,5,6,0,6,7,11,9,12,0,0,6,0,0,0,0,0,0,0,0,0,11,0,0,0,0,26,6,6,5,7,6,21,23,21,20,59,78,51,32,24,0,0,0,5,0,15,0,6,0,0,0,0,10,0,0,0,0,0,0,0,0,0,9,0,0,0,0,5,0,11,0,0,0,0,7,9,0,24,0,6,0,0,0,6,8,0,0,7,0,0,0,0,0,8,0,0,8,0,0,0,0,0,0,0,11,30,12,0,0,0,0,0,0,0,0,6,0,0,0,0,0,0,0,0,0,0,0,0,0,0,0,7,5,26,11,0,10,13,9,0,0,0,0,6,0,0,5,14,0,0,0,0,0,0,0,0,0,9,0,0,0,0,0,8,0,6,6,0,0,0,0,0,0,0,0,0,0,0,0,0,0,0,0,0,0,0,0,0,0,0,0,0,0,0,0,0,0,0,0,0,0,0,8,0,0,0,0,0,0,0,0,0,0,0,0,0,0,0,0,0,0,0,0,0,0,0,0,0,0,0,0,0,0,0,0,0,0,7,0,0,0,0,0,0,13,0,5,0,0,0,0,0,0,0,0,0,0,0,0,0,0,0,0,0,0,0,0,0,0,0,0,0,0,0,0,0,14,39,5,0,0,0,0,0,0,11,0,7,8,47,6,0,5,5,7,0,0,8,6,0,0,0,0,7,0,0,0,0,16,0,0,0,0,0,0,0,0,0,0,0,0,0,0,0,0,0,0,0,0,6,0,0,0,0,5,0,0,5,0,28,0,0,0,0,0,0,0,0,0,0,0,7,0,0,0,0,0,0,0,0,0,7,5,0,0,0,0,0,5,0,0,8,0,17,0,0,0,0,0,0,0,0,0,9,0,0,0,0,0,6,0,0,5,8,7,0,0,0,0,0,12,0,6,0,0,0,8,0,0,0,0,0,0,0,0,13,6,0,0,0,0,7,0,5"
2024-09-04 10:17:31.595,"13,13,14,42,50,13,13,33,0,10,5,12,11,0,13,17,0,10,8,8,6,7,5,9,5,7,0,0,0,6,0,0,45,27,18,11,0,5,8,34,0,15,12,23,11,0,13,27,5,15,18,22,23,32,38,34,45,16,5,0,0,0,0,0,18,17,13,9,0,0,0,6,0,0,6,0,0,0,0,0,0,5,8,11,19,17,14,29,14,10,0,0,6,10,6,6,10,8,0,19,0,0,0,0,0,0,0,0,0,0,0,0,0,0,0,0,0,7,7,9,10,11,7,26,10,41,23,11,0,0,0,0,0,0,0,0,0,0,0,0,0,0,0,0,0,0,0,0,0,0,0,0,0,0,5,31,10,15,9,9,0,0,0,0,0,0,0,0,0,0,0,0,0,0,0,0,0,20,0,0,0,5,0,0,0,0,0,0,0,0,0,0,0,7,0,0,0,0,0,0,0,0,5,0,0,9,0,8,0,14,6,7,8,26,0,5,7,0,0,0,0,0,0,0,0,0,0,0,12,5,0,0,0,0,0,0,0,0,0,0,0,0,0,0,0,0,0,0,0,0,7,9,0,0,0,0,0,0,0,0,0,0,0,0,0,0,0,0,0,0,0,0,0,0,0,0,0,0,0,0,9,0,8,8,6,6,0,0,0,0,0,0,0,0,0,0,0,0,0,0,0,0,0,0,0,0,0,0,0,0,0,5,12,20,22,21,26,35,11,5,0,0,0,0,0,0,0,0,0,0,0,0,0,0,6,7,5,0,0,0,0,0,0,0,5,14,40,19,32,16,5,0,0,0,0,0,0,0,0,0,0,0,0,0,0,0,0,0,0,0,0,5,0,0,0,0,0,0,0,0,0,0,0,0,0,0,0,0,0,0,0,0,0,0,0,0,0,0,0,0,0,0,0,0,0,0,0,0,0,0,14,8,0,5,0,0,0,0,0,0,0,0,0,0,0,0,0,0,0,0,0,0,9,0,8,6,7,0,0,0,14,7,38,9,0,0,0,0,0,0,0,0,0,0,0,0,0,0,0,0,0,0,0,0,0,0,0,0,0,0,0,0,0,0,0,0,0,0,0,0,9,11,0,0,0,0,0,0,0,0,0,0,0,0,0,0,0,0,0,0,0,0,0,0,0,15,0,0,0,0,0,0,0,0,0,0,0,0,0,0,0,0,0,5,0,0,0,0,0,0,0,0,0,0,0,0,0,0,0,0,7,0,0,0,0,0,0,0,0,0,0,7,0,5,8,11,0,0,0,0,0,8,0,0,5,5,0,17,21,12,14,15,16,19,13,26,0,0,0,0,0,0,0,6,0,0,0,0,6,0,0,0,0,0,0,0,0,0,0,7,6,6,0,6,7,11,9,12,0,0,6,0,0,0,0,0,0,0,0,0,11,0,0,0,0,26,7,6,5,8,5,21,23,22,20,59,78,51,33,24,0,0,0,5,0,14,0,6,0,0,0,0,10,0,0,0,0,0,0,0,0,5,9,0,0,0,0,5,0,11,0,0,5,5,7,8,0,24,0,6,0,0,0,6,8,0,0,6,0,0,0,0,0,9,0,0,9,0,0,0,0,0,0,0,11,30,13,5,0,0,0,0,0,0,0,6,0,0,0,0,0,0,0,0,0,0,0,0,0,0,0,7,5,27,10,0,10,12,9,0,0,0,0,6,0,0,5,14,0,0,0,0,0,0,0,0,0,9,0,0,0,0,0,7,0,5,6,0,0,0,0,0,0,0,0,0,0,0,0,0,0,0,0,0,0,0,0,0,0,0,0,0,0,0,0,0,0,0,0,0,0,0,8,0,0,0,0,0,0,0,0,0,0,0,0,0,0,0,0,0,0,0,0,0,0,0,0,0,0,0,0,0,0,0,0,0,0,6,0,0,0,0,0,0,13,0,5,0,0,0,0,0,0,0,0,0,0,0,0,0,0,0,0,0,0,0,0,0,0,0,0,0,0,0,0,0,14,40,6,0,0,0,0,0,0,12,0,7,8,47,6,0,5,6,7,0,0,7,6,0,0,0,0,7,0,0,0,5,17,0,0,0,0,0,0,0,0,0,0,0,0,0,0,0,0,0,0,0,0,7,0,0,0,0,0,0,0,5,0,29,0,0,0,0,0,0,0,0,0,0,0,7,0,0,0,0,0,0,0,0,0,7,5,0,0,0,0,0,5,0,0,8,0,17,0,0,0,0,0,0,0,0,0,8,0,0,0,0,0,6,0,0,5,8,6,0,0,0,0,0,12,0,7,0,0,0,8,0,0,0,0,0,0,0,0,13,6,0,0,0,0,6,0,5"
2024-09-04 10:17:31.806,"13,13,14,41,51,13,13,33,0,10,5,12,12,0,14,16,0,10,8,8,6,7,5,8,5,7,0,0,0,6,0,0,45,27,17,12,0,5,8,34,0,15,12,23,11,0,12,28,5,15,18,22,23,31,38,34,45,15,5,0,0,0,0,0,18,16,13,9,0,0,0,6,0,0,7,0,0,0,0,0,0,5,8,11,19,17,14,30,14,10,0,0,6,11,6,6,11,7,0,19,0,0,0,0,0,0,0,0,0,0,0,0,0,0,0,0,0,7,7,8,11,11,6,26,10,40,23,11,0,0,0,0,0,0,0,0,0,0,0,0,0,0,0,0,0,0,0,0,0,0,0,0,0,0,5,31,10,16,9,9,0,0,0,0,0,0,0,0,0,0,0,0,0,0,0,0,0,20,0,0,0,5,0,0,0,0,0,0,0,0,0,0,0,7,0,0,0,0,0,0,0,0,5,0,0,9,0,8,0,13,7,7,10,26,0,5,7,0,0,0,0,0,0,0,0,0,0,0,12,6,0,0,0,0,0,0,0,0,0,0,0,0,0,0,0,0,0,0,0,0,7,8,0,0,0,0,0,0,0,0,0,0,0,0,0,0,0,0,0,0,0,0,0,0,0,0,0,0,0,0,9,0,8,8,6,7,0,0,0,0,0,0,0,0,0,0,0,0,0,0,0,0,0,0,0,0,5,0,0,0,0,5,12,21,22,20,29,35,11,5,0,0,0,0,0,0,0,0,0,0,0,0,0,0,6,7,5,0,5,0,0,5,0,0,5,15,40,19,31,19,6,0,0,0,0,0,0,0,0,0,0,0,0,0,0,0,0,0,0,0,0,0,0,0,0,0,0,0,0,0,0,0,0,0,0,0,0,0,0,0,0,0,0,0,0,0,0,0,0,0,0,0,0,0,0,0,0,0,0,0,14,8,0,5,0,0,0,0,0,0,0,0,0,0,0,0,0,0,0,0,0,0,10,0,9,5,7,0,0,0,13,7,38,9,0,0,0,0,0,0,0,0,0,0,0,0,0,0,0,0,0,0,0,0,0,0,0,0,5,0,0,0,0,0,0,0,0,0,0,0,9,11,0,0,0,0,0,0,0,0,0,0,0,0,0,0,0,0,0,0,0,0,0,0,0,15,0,0,0,0,0,0,0,0,0,0,0,0,0,0,0,0,0,6,0,0,0,0,0,0,0,0,0,0,0,0,0,0,0,0,6,0,0,0,0,0,0,0,0,0,0,7,0,5,8,11,0,0,0,0,0,8,0,0,5,6,0,17,21,12,14,15,16,18,13,26,0,0,0,0,0,0,0,6,0,0,0,0,6,0,0,0,0,0,0,0,0,0,0,7,5,6,0,6,7,11,9,11,0,0,6,0,0,0,0,0,0,0,0,0,11,0,0,0,0,26,7,6,5,8,6,21,23,22,21,59,79,51,32,25,0,0,0,5,0,14,0,6,0,0,0,0,10,0,0,0,0,0,0,0,0,5,9,0,0,0,0,5,0,11,0,0,0,5,7,9,0,24,0,6,0,0,0,6,8,0,0,7,0,0,0,0,0,8,0,0,8,0,0,0,0,0,0,0,11,31,13,0,0,0,0,0,0,0,0,6,0,0,0,0,0,0,0,0,0,0,0,0,0,0,0,7,5,26,10,0,10,13,9,0,0,0,0,6,0,0,5,14,0,0,0,0,0,0,0,0,0,9,0,0,0,0,0,8,0,6,6,0,0,5,0,0,0,0,0,0,0,0,0,0,0,0,0,0,0,0,0,0,0,0,0,0,0,0,0,0,0,0,0,0,0,0,8,0,0,0,0,0,0,0,0,0,0,0,0,0,0,0,0,0,0,0,0,0,0,0,0,0,0,0,0,0,0,0,0,0,0,7,0,0,0,0,0,0,13,0,5,0,0,0,0,0,0,0,0,0,0,0,0,0,0,0,0,0,0,0,0,0,0,0,0,0,0,0,0,0,13,40,6,0,0,0,0,0,0,11,0,7,8,47,6,0,0,5,7,0,0,8,6,0,0,0,0,6,0,0,0,5,16,0,0,0,0,0,0,0,0,0,0,0,0,0,0,0,0,0,0,0,0,7,0,0,0,0,0,0,0,5,0,29,0,0,0,0,0,0,0,0,0,0,0,8,0,0,0,0,0,0,0,0,0,7,5,0,0,0,0,0,0,0,0,8,0,17,0,0,0,0,0,0,0,0,0,8,0,0,0,0,0,6,0,0,5,8,7,0,0,0,0,0,12,0,7,0,0,0,8,0,0,0,0,0,0,0,0,13,6,0,0,0,0,7,0,5"
2024-09-04 10:17:31.847,"13,12,15,41,51,13,13,33,0,10,5,12,11,0,13,16,0,10,9,7,6,6,0,9,5,7,0,0,0,5,0,0,45,27,17,11,0,5,9,34,0,15,11,23,10,0,12,27,5,15,18,22,23,31,38,34,45,16,5,0,0,0,0,0,18,16,14,9,0,0,0,6,0,0,6,0,0,0,0,0,0,5,8,12,19,17,14,30,14,10,0,0,6,10,7,5,11,7,0,19,0,0,0,0,0,0,0,0,0,0,0,0,0,0,0,0,0,6,7,8,11,11,6,26,10,40,22,11,0,0,0,0,0,0,0,0,0,0,0,0,0,0,0,0,0,0,0,0,0,0,0,0,5,0,5,31,9,16,9,9,0,0,0,0,0,0,0,0,0,0,0,0,0,0,0,0,0,19,0,0,0,5,0,0,0,0,0,0,0,0,0,0,0,7,0,0,0,0,0,0,0,0,0,0,0,9,0,7,0,13,7,7,9,27,0,5,7,0,0,0,0,0,0,0,0,0,0,0,12,5,0,0,0,0,0,0,0,0,0,0,0,0,0,0,0,0,0,0,0,0,7,7,0,0,0,0,0,0,0,0,0,0,0,0,0,0,0,0,0,0,0,0,0,0,0,0,0,0,0,0,8,0,9,8,6,6,0,0,0,0,0,0,0,0,0,0,0,0,0,0,0,0,0,0,0,0,0,0,0,0,0,5,12,21,23,20,29,35,11,0,0,0,0,0,0,0,0,0,0,0,0,0,0,0,6,7,0,0,0,0,0,0,0,0,5,15,34,18,30,18,5,0,0,0,0,0,0,0,0,0,0,0,0,0,0,0,0,0,0,0,0,6,0,5,0,0,0,0,0,0,0,0,0,0,0,0,0,0,0,0,0,0,0,0,0,0,0,0,0,0,0,0,0,0,0,0,0,0,0,0,14,8,0,5,0,0,0,0,0,0,0,0,0,0,0,0,0,0,0,0,0,0,10,0,9,5,7,0,0,5,14,7,38,9,0,0,0,0,0,0,0,0,0,0,0,0,0,0,0,0,0,0,0,0,0,0,0,0,0,0,0,0,0,0,0,0,0,0,0,0,9,11,0,0,0,0,0,0,0,0,0,0,0,0,0,0,0,0,0,0,0,0,0,0,0,16,0,5,0,0,0,0,0,0,0,0,0,0,0,0,0,0,0,6,0,0,0,0,0,0,0,0,0,0,0,0,0,0,0,0,6,0,0,0,0,0,0,0,0,0,0,7,0,5,8,11,0,0,0,0,0,9,0,0,5,6,0,17,21,13,14,15,16,18,13,26,0,0,0,0,0,0,0,6,0,0,0,0,5,0,0,0,0,0,0,0,0,0,0,7,5,6,0,5,7,11,9,11,0,0,6,0,0,0,0,0,0,0,0,0,11,0,0,0,0,26,7,6,5,8,6,21,22,22,20,59,78,51,32,24,0,0,0,6,0,14,0,5,0,0,0,0,9,0,0,0,0,0,0,0,0,5,9,0,0,0,0,5,0,12,0,0,0,5,7,9,0,24,0,6,0,0,0,7,7,0,0,7,0,0,0,0,0,8,0,0,8,0,0,0,0,0,0,0,11,30,13,0,0,0,0,0,0,0,0,6,0,0,0,0,0,0,0,0,0,0,0,0,0,0,0,7,0,27,10,0,10,12,9,0,0,0,0,6,0,0,5,14,0,0,0,0,0,0,0,0,0,9,0,0,0,0,0,8,0,6,6,0,0,0,0,0,0,0,0,0,0,0,0,0,0,0,0,0,0,0,0,0,0,0,0,0,0,0,0,0,0,0,0,0,0,0,7,0,0,0,0,0,0,0,0,0,0,0,0,0,0,0,0,0,0,0,0,0,0,0,0,0,0,0,0,0,0,0,0,0,0,7,0,0,0,0,0,0,13,0,5,0,0,0,0,0,0,0,0,0,0,0,0,0,0,0,0,0,0,0,0,0,0,0,0,0,0,0,0,0,13,39,6,0,0,0,0,0,0,12,0,7,8,47,6,0,0,6,6,0,0,8,6,0,0,0,0,6,0,0,0,5,16,0,0,0,0,0,0,0,0,0,0,0,0,0,0,0,0,0,0,0,0,7,0,0,0,0,0,0,0,5,0,29,0,0,0,0,0,0,0,0,0,0,0,8,0,0,0,0,0,0,0,0,0,8,5,0,0,0,0,0,0,0,0,9,0,18,0,0,0,0,0,0,0,0,0,8,0,0,0,0,0,6,0,0,5,8,7,0,0,0,0,0,12,0,7,0,0,0,8,0,0,0,0,5,0,0,0,13,7,0,0,0,0,7,0,5"
2024-09-04 10:17:31.871,"13,13,14,41,51,13,13,33,0,10,5,12,11,0,13,16,0,10,8,8,6,7,5,8,5,7,0,0,0,6,0,0,45,27,17,12,0,5,9,34,0,15,10,23,11,0,12,27,5,15,18,22,23,32,38,34,45,15,5,0,0,5,0,0,18,16,13,9,0,0,0,6,0,0,6,0,0,0,0,0,0,5,8,11,19,17,14,30,14,10,0,0,6,10,6,6,11,8,0,19,0,0,0,0,0,0,0,0,0,0,0,0,0,0,0,0,0,6,7,9,11,11,6,27,10,40,23,11,0,0,0,0,0,0,0,0,0,0,0,0,0,0,0,0,0,0,0,0,0,0,0,0,0,0,5,31,9,16,9,9,0,0,0,0,0,0,0,0,0,0,0,0,0,0,0,0,0,19,5,0,0,5,0,0,0,0,0,0,0,0,0,0,0,7,0,0,0,0,0,0,0,0,0,0,0,8,0,7,0,12,7,7,11,27,0,5,7,0,0,0,0,0,0,0,0,0,0,0,12,0,0,0,0,0,0,0,0,0,0,0,0,0,0,0,0,0,0,0,0,0,7,5,0,0,0,0,0,0,0,0,0,0,0,0,0,0,0,0,0,0,0,0,0,0,0,0,0,0,0,0,9,0,7,8,6,6,0,0,0,0,0,0,0,0,0,0,0,0,0,0,0,0,0,0,0,0,5,0,0,0,0,5,12,22,22,19,32,38,11,5,0,0,0,0,0,0,0,0,0,0,0,0,0,0,7,7,5,0,0,0,0,0,0,0,5,14,38,17,30,17,5,0,0,0,0,0,0,0,0,0,0,0,0,0,0,0,0,0,0,0,0,5,0,0,0,0,0,0,0,0,0,0,0,0,0,0,0,0,0,0,0,0,0,0,0,0,0,0,0,0,0,0,0,0,0,0,0,0,0,0,14,7,0,5,0,0,0,0,0,0,0,0,0,0,0,0,0,0,0,0,0,0,9,0,9,5,7,0,0,0,13,8,38,9,0,0,0,0,0,0,0,0,0,0,0,0,0,0,0,0,0,0,0,0,0,0,0,0,0,0,0,0,0,0,0,0,0,0,0,0,9,11,0,0,0,0,0,0,0,0,0,0,0,0,0,0,0,0,0,0,0,0,0,0,0,16,0,0,0,0,0,0,0,0,0,0,0,0,0,0,0,0,0,5,0,0,0,0,0,0,0,0,0,0,0,0,0,0,0,0,6,0,0,0,0,0,0,0,0,0,0,7,0,5,8,11,0,0,0,0,0,9,0,0,5,5,0,17,21,12,14,15,16,18,13,26,0,0,0,0,0,0,0,6,0,0,0,0,5,0,0,0,0,0,0,0,0,0,0,7,6,6,0,6,7,11,9,11,0,0,5,0,0,0,0,0,0,0,0,0,11,0,0,0,0,26,7,6,5,7,6,21,22,22,20,59,78,51,32,24,0,0,0,5,0,14,0,6,0,0,0,0,9,0,0,0,0,0,0,0,0,5,9,0,0,0,0,0,0,12,0,0,5,5,7,9,0,24,0,5,0,0,0,6,8,0,0,7,0,0,0,0,0,9,0,0,8,0,0,0,0,0,0,0,11,30,13,5,0,0,0,0,0,0,0,5,0,0,0,0,0,0,0,0,0,0,0,0,0,0,0,7,5,27,10,0,10,13,9,0,0,0,0,6,0,0,5,14,0,0,0,0,0,0,0,0,0,10,0,0,0,0,0,8,0,6,6,0,0,0,0,0,0,0,0,0,0,0,0,0,0,0,0,0,0,0,0,0,0,0,0,0,0,0,0,0,0,0,0,0,0,0,7,0,0,0,0,0,0,0,0,0,0,0,0,0,0,0,0,0,0,0,0,0,0,0,0,0,0,0,0,0,0,0,0,0,0,7,0,0,0,0,0,0,13,0,5,0,0,0,0,0,0,0,0,0,0,0,0,0,0,0,0,0,0,0,0,0,0,0,0,0,0,0,0,0,14,39,6,0,0,0,0,0,0,12,0,6,8,47,6,0,0,5,6,0,0,7,6,0,0,0,0,7,0,0,0,5,16,0,0,0,0,0,0,0,0,0,0,0,0,0,0,0,0,0,0,0,0,7,0,0,0,0,0,0,0,5,0,28,0,0,0,0,0,0,0,0,0,0,0,7,0,0,0,0,0,0,0,0,0,7,5,0,0,0,0,0,0,0,0,8,0,17,0,0,0,0,0,0,0,0,0,8,0,0,0,0,0,6,0,0,5,8,7,0,0,0,0,0,12,0,7,0,0,0,8,0,0,0,0,0,0,0,0,12,6,0,0,0,0,6,0,5"
2024-09-04 10:17:31.946,"13,13,15,41,51,13,13,33,0,10,0,12,11,0,13,17,0,10,8,7,6,7,5,8,5,7,0,0,0,6,0,0,45,27,18,11,0,5,9,34,0,15,10,23,10,0,12,27,5,15,19,22,23,31,38,34,45,15,5,0,0,5,0,0,18,16,14,9,0,0,0,6,0,0,6,0,0,0,0,0,0,5,8,12,19,18,14,30,14,10,0,0,7,10,7,5,11,8,0,19,0,0,0,0,0,0,0,0,0,0,0,0,0,0,0,0,0,7,7,8,11,11,7,26,10,40,22,11,0,0,0,0,0,0,0,0,0,0,0,0,0,0,0,0,0,0,0,0,0,0,0,0,0,0,5,31,9,16,9,9,0,0,0,0,0,0,0,0,0,0,0,0,0,0,0,0,0,19,0,0,0,5,0,0,0,0,0,0,0,0,0,0,0,7,0,0,0,0,0,0,0,0,0,0,0,9,0,7,0,10,6,6,8,26,0,5,7,0,0,0,0,0,0,0,0,0,0,0,12,0,0,0,0,0,0,0,0,0,0,0,0,0,0,0,0,0,0,0,5,0,8,8,0,0,0,0,0,0,0,0,0,0,0,0,0,0,0,0,0,0,0,0,0,0,0,0,0,0,0,0,9,0,9,6,6,7,0,0,0,0,0,0,0,0,0,0,0,0,0,0,0,0,0,0,0,0,5,0,0,0,0,5,12,22,24,17,30,39,12,5,0,0,0,0,0,0,0,0,0,0,0,0,0,0,6,8,5,0,5,0,0,0,0,0,5,15,38,17,30,17,5,0,0,0,0,0,0,0,0,0,0,0,0,0,0,0,0,0,0,0,0,6,0,5,0,0,0,0,0,0,0,0,0,0,0,0,0,0,0,0,0,0,0,0,0,0,0,0,0,0,0,0,0,0,0,0,0,0,0,0,13,8,0,5,0,0,0,0,0,0,0,0,0,0,0,0,0,0,0,0,0,0,6,0,9,5,7,0,0,0,13,8,37,8,0,0,0,0,0,0,0,0,0,0,0,0,0,0,0,0,0,0,0,0,0,0,0,0,0,0,0,0,0,0,0,0,0,0,0,0,10,11,0,0,0,0,0,0,0,0,0,0,0,0,0,0,0,0,0,0,0,0,0,0,0,15,0,5,0,0,0,0,0,0,0,0,0,0,0,0,0,0,0,5,0,0,0,0,0,0,0,0,0,0,0,0,0,0,0,0,7,0,0,0,0,0,0,0,0,0,0,7,0,5,8,11,0,0,0,0,0,9,0,0,5,6,0,17,21,12,14,15,15,18,13,26,0,0,0,0,0,0,0,6,0,0,0,0,5,0,0,0,0,0,0,0,0,0,0,7,5,6,0,6,7,11,9,11,0,0,5,0,0,0,0,0,0,0,0,0,11,0,0,0,0,26,7,6,5,8,6,21,22,22,20,59,78,51,32,24,0,0,0,5,0,14,0,6,0,0,0,0,9,0,0,0,0,0,0,0,0,5,9,0,0,0,0,5,0,12,0,0,5,0,7,9,0,24,0,6,0,0,0,6,8,0,0,7,0,0,0,0,0,9,0,0,9,0,0,0,0,0,0,0,11,30,13,0,0,0,0,0,0,0,0,5,0,0,0,0,0,0,0,0,0,0,0,0,0,0,0,7,5,26,11,0,10,13,9,0,0,0,0,6,0,0,5,14,0,0,0,0,0,0,0,0,0,10,0,0,0,0,0,8,0,6,7,0,0,0,0,0,0,0,0,0,0,0,0,0,0,0,0,0,0,0,0,0,0,0,0,0,0,0,0,0,0,0,0,0,0,0,8,0,0,0,0,0,0,0,0,0,0,0,0,0,0,0,0,0,0,0,0,0,0,0,0,0,0,0,0,0,0,0,0,0,0,7,0,0,0,0,0,0,13,0,5,0,0,0,0,0,0,0,0,0,0,0,0,0,0,0,0,0,0,0,0,0,0,0,0,0,0,0,0,0,13,39,6,0,0,0,0,0,0,11,0,7,8,47,6,0,0,5,7,0,0,8,6,0,0,0,0,6,0,0,0,5,16,0,0,0,0,0,0,0,0,0,0,0,0,0,0,0,0,0,0,0,0,7,0,0,0,0,0,0,0,5,0,29,0,0,0,0,0,0,0,0,0,0,0,7,0,0,0,0,0,0,0,0,0,7,5,0,0,0,0,0,0,0,0,9,0,17,0,0,0,0,0,0,0,0,0,8,0,0,0,0,0,6,0,0,5,8,7,0,0,0,0,0,12,0,7,0,0,0,8,0,0,0,0,5,0,0,0,12,6,0,0,0,0,7,0,5"
2024-09-04 10:17:32.010,"13,13,15,41,51,13,13,33,0,10,5,12,11,0,13,17,0,10,8,8,7,6,5,9,5,8,0,0,0,6,0,0,45,27,17,11,0,5,9,34,0,15,12,24,11,0,12,28,5,16,18,22,23,31,38,34,45,15,5,0,0,5,0,0,18,16,14,9,0,0,0,6,0,0,6,0,0,0,0,0,0,0,8,11,19,18,14,30,14,10,0,0,6,10,7,6,11,7,0,19,0,0,0,0,0,0,0,0,0,0,0,0,0,0,0,0,0,7,7,8,11,10,6,27,10,40,22,11,0,0,0,0,0,0,0,0,0,0,0,0,0,0,0,0,0,0,0,0,0,0,0,0,0,0,5,31,9,15,9,8,0,0,0,0,0,0,0,0,0,0,0,0,0,0,0,0,0,20,0,0,0,5,0,0,0,0,0,0,0,0,0,0,0,6,0,0,0,0,0,0,0,0,0,0,0,9,0,7,0,12,6,7,9,27,0,5,7,0,0,0,0,0,0,0,0,0,0,0,12,0,0,0,0,0,0,0,0,0,0,0,0,0,0,0,0,0,0,0,0,0,7,8,0,0,0,0,0,0,0,0,0,0,0,0,0,0,0,0,0,0,0,0,0,0,0,0,0,0,0,0,8,0,9,7,6,7,0,0,0,0,0,0,0,0,0,0,0,0,0,0,0,0,0,0,0,0,5,0,0,0,0,5,12,22,24,17,27,39,12,5,0,0,0,0,0,0,0,0,0,0,0,0,0,0,6,6,5,0,0,0,0,0,0,0,5,16,39,17,30,18,5,0,0,0,0,0,0,0,0,0,0,0,0,0,0,0,0,0,0,0,0,6,0,5,0,0,0,0,0,0,0,0,0,0,0,0,0,0,0,0,0,0,0,0,0,0,0,0,0,0,0,0,0,0,0,0,0,0,0,0,13,7,0,0,0,0,0,0,0,0,0,0,0,0,0,0,0,0,0,0,0,0,9,0,9,6,7,0,0,0,14,8,37,9,0,0,0,0,0,0,0,0,0,0,0,0,0,0,0,0,0,0,0,0,0,0,0,0,0,0,0,0,0,0,0,0,0,0,0,0,9,10,0,0,0,0,0,0,0,0,0,0,0,0,0,0,0,0,0,0,0,0,0,0,0,14,0,0,0,0,0,0,0,0,0,0,0,0,0,0,0,0,0,6,0,0,0,0,0,0,0,0,0,0,0,0,0,0,0,0,6,0,0,0,0,0,0,0,0,0,0,7,0,5,7,11,0,0,0,0,0,9,0,0,5,6,0,17,21,12,14,15,15,18,12,26,0,0,0,0,0,0,0,6,0,0,0,0,6,0,0,0,0,0,0,0,0,0,0,6,6,6,0,6,7,11,9,12,0,0,6,0,0,0,0,0,0,0,0,0,12,0,0,0,0,26,7,6,5,8,6,21,22,22,20,59,79,51,33,24,0,0,0,6,0,14,0,6,0,0,0,0,10,0,0,0,0,0,0,0,0,5,9,0,0,0,0,5,0,11,0,0,0,5,7,9,0,21,0,6,0,0,0,6,8,0,0,7,0,0,0,0,0,8,0,0,8,0,0,0,0,0,0,0,11,30,13,0,0,0,0,0,0,0,0,6,0,0,0,0,0,0,0,0,0,0,0,0,0,0,0,7,5,27,10,0,10,12,9,0,0,0,0,6,0,0,5,14,0,0,0,0,0,0,0,0,0,9,0,0,0,0,0,8,0,6,6,0,0,0,0,0,0,0,0,0,0,0,0,0,0,0,0,0,0,0,0,0,0,0,0,0,0,0,0,0,0,0,0,0,0,0,7,0,0,0,0,0,0,0,0,0,0,0,0,0,0,0,0,0,0,0,0,0,0,0,0,0,0,0,0,0,0,0,0,0,0,6,0,0,0,0,0,0,13,0,5,0,0,0,0,0,0,0,0,0,0,0,0,0,0,0,0,0,0,0,0,0,0,0,0,0,0,0,0,0,13,39,5,0,0,0,0,0,0,11,0,7,8,47,6,0,0,5,6,0,0,8,6,0,0,0,0,7,0,0,0,5,16,0,0,0,0,0,0,0,0,0,0,0,0,0,0,0,0,0,0,0,0,6,0,0,0,0,0,0,0,5,0,28,0,0,0,0,0,0,0,0,0,0,0,8,0,0,0,0,0,0,0,0,0,7,5,0,0,0,0,0,0,0,0,8,0,18,0,0,0,0,0,0,0,0,0,8,0,0,0,0,0,6,0,0,0,8,7,0,0,0,0,0,12,0,7,0,0,0,8,0,0,0,0,0,0,0,0,13,6,0,0,0,0,6,0,5"
2024-09-04 10:17:32.240,"13,13,15,41,51,13,13,33,0,10,5,13,11,0,14,16,0,10,8,8,6,7,5,9,5,7,0,0,0,6,0,0,45,27,17,12,0,5,9,34,0,15,11,23,11,0,13,27,5,15,18,22,23,32,38,34,45,16,5,0,0,5,0,0,18,16,13,9,0,0,0,6,0,0,6,0,0,0,5,0,0,5,8,12,19,18,14,30,14,10,0,0,7,10,7,6,11,8,0,19,0,0,0,0,0,0,0,0,0,0,0,0,0,0,0,0,0,7,7,8,11,10,6,27,10,40,22,11,0,0,0,0,0,0,0,0,0,0,0,0,0,0,0,0,0,0,0,0,0,0,0,0,0,0,5,31,9,16,9,9,0,0,0,0,0,0,0,0,0,0,0,0,0,0,0,0,0,20,0,0,0,5,0,0,0,0,0,0,0,0,0,0,0,7,0,0,0,0,0,0,0,0,0,0,0,9,0,7,0,13,6,7,9,26,0,5,6,0,0,0,0,0,0,0,0,0,0,0,12,0,0,0,0,0,0,0,0,0,0,0,0,0,0,0,0,0,0,0,0,0,8,6,0,0,0,0,0,0,0,0,0,0,0,0,0,0,0,0,0,0,0,0,0,0,0,0,0,0,0,0,8,0,8,6,6,6,0,0,0,0,0,0,0,0,0,0,0,0,0,0,0,0,0,0,0,0,0,0,0,0,0,5,12,22,24,18,30,40,11,5,0,0,0,0,0,0,0,0,0,0,0,0,0,0,6,7,5,0,0,0,0,0,0,0,5,15,38,16,29,17,5,0,0,0,0,0,0,0,0,0,0,0,0,0,0,0,0,0,0,0,0,5,0,0,0,0,0,0,0,0,0,0,0,0,0,0,0,0,0,0,0,0,0,0,0,0,0,0,0,0,0,0,0,0,0,0,0,0,0,0,13,7,0,0,0,0,0,0,0,0,0,0,0,0,0,0,0,0,0,0,0,0,10,0,9,5,7,0,0,5,13,7,37,9,0,0,0,0,0,0,0,0,0,0,0,0,0,0,0,0,0,0,0,0,0,0,0,0,0,0,0,0,0,0,0,0,0,0,0,0,9,11,0,0,0,0,0,0,0,0,0,0,0,0,0,0,0,0,0,0,0,0,0,0,0,15,0,0,0,0,0,0,0,0,0,0,0,0,0,0,0,0,0,6,0,0,0,0,0,0,0,0,0,0,0,0,0,0,0,0,6,0,0,0,0,0,0,0,0,0,0,7,0,5,8,11,0,0,0,0,0,8,0,0,5,6,0,17,21,12,14,14,16,18,13,26,0,0,0,0,0,0,0,6,0,0,0,0,5,0,0,0,0,0,0,0,0,0,0,7,6,6,0,6,7,11,9,12,0,0,6,0,0,0,0,0,0,0,0,0,11,0,0,0,0,26,7,6,6,8,6,21,22,22,20,59,78,51,32,25,0,0,0,5,0,13,0,5,0,0,0,0,9,0,0,0,0,0,0,0,0,5,9,0,0,0,0,5,0,12,0,0,0,5,7,9,0,20,0,5,0,0,0,6,7,0,0,6,0,0,0,0,0,9,0,0,8,0,0,0,0,0,0,0,11,30,13,5,0,0,0,0,0,0,0,5,0,0,0,0,0,0,0,0,0,0,0,0,0,0,0,7,5,26,10,0,10,12,9,0,0,0,0,6,0,0,5,15,0,0,0,0,0,0,0,0,0,9,0,0,0,0,0,7,0,6,6,0,0,0,0,0,0,0,0,0,0,0,0,0,0,0,0,0,0,0,0,0,0,0,0,0,0,0,0,0,0,0,0,0,0,0,7,0,0,0,0,0,0,0,0,0,0,0,0,0,0,0,0,0,0,0,0,0,0,0,0,0,0,0,0,0,0,0,0,0,0,6,0,0,0,0,0,0,13,0,5,0,0,0,0,0,0,0,0,0,0,0,0,0,0,0,0,0,0,0,0,0,0,0,0,0,0,0,0,0,13,39,6,0,0,0,0,0,0,12,0,7,8,47,6,0,0,6,6,0,0,7,6,0,0,0,0,7,0,0,0,5,17,0,0,0,0,0,0,0,0,0,0,0,0,0,0,0,0,0,0,0,0,6,0,0,0,0,0,0,0,6,0,29,0,0,0,0,0,0,0,0,0,0,0,7,0,0,0,0,0,0,0,0,0,6,5,0,0,0,0,0,0,0,0,9,0,17,0,0,0,0,0,0,0,0,0,8,0,0,0,0,0,6,0,0,5,7,7,0,0,0,0,0,12,0,7,0,0,0,9,0,0,0,0,5,0,0,0,13,6,0,0,0,0,6,0,5"
2024-09-04 10:17:32.241,"13,13,14,41,51,13,13,33,0,10,5,12,11,0,13,16,0,10,8,7,6,6,5,9,5,7,0,0,0,6,0,0,45,27,17,11,0,5,9,34,0,15,11,24,11,0,13,27,5,15,18,22,23,32,38,34,45,15,5,0,0,0,0,0,18,16,14,9,0,0,0,6,0,0,6,0,0,0,0,0,0,5,8,12,19,18,14,30,13,9,0,0,7,10,7,6,11,7,0,19,0,0,0,0,0,0,0,0,0,0,0,0,0,0,0,0,0,6,7,8,11,11,6,27,10,40,23,11,0,0,0,0,0,0,0,0,0,0,0,0,0,0,0,0,0,0,0,0,0,0,0,0,0,0,5,31,10,16,9,9,0,0,0,0,0,0,0,0,0,0,0,0,0,0,0,0,0,20,0,0,0,5,0,0,0,0,0,0,0,0,0,0,0,7,0,0,0,0,0,0,0,0,5,0,0,9,0,7,0,14,6,7,9,26,5,5,7,0,0,0,0,0,0,0,0,0,0,0,12,0,0,0,0,0,0,0,0,0,0,0,0,0,0,0,0,0,0,0,0,0,7,8,0,0,0,0,0,0,0,0,0,0,0,0,0,0,0,0,0,0,0,0,0,0,0,0,0,0,0,0,9,0,8,7,6,6,0,0,0,0,0,0,0,0,0,0,0,0,0,0,0,0,0,0,0,0,5,0,0,0,0,5,12,21,24,17,32,40,12,5,0,0,0,0,0,0,0,0,0,0,0,0,0,0,6,7,5,0,0,0,0,5,0,0,5,15,39,18,27,16,5,0,0,0,0,0,0,0,0,0,0,0,0,0,0,0,0,0,0,0,0,5,0,5,0,0,0,0,0,0,0,0,0,0,0,0,0,0,0,0,0,0,0,0,0,0,0,0,0,0,0,0,0,0,0,0,0,0,0,0,13,8,0,0,0,0,0,0,0,0,0,0,0,0,0,0,0,0,0,0,0,0,11,0,8,5,7,0,0,0,14,7,37,9,0,0,0,0,0,0,0,0,0,0,0,0,0,0,0,0,0,0,0,0,0,0,0,0,5,0,0,0,0,0,0,0,0,0,0,0,9,11,0,0,0,0,0,0,0,0,0,0,0,0,0,0,0,0,0,0,0,0,0,0,0,15,0,5,0,0,0,0,0,0,0,0,0,0,0,0,0,0,0,5,0,0,0,0,0,0,0,0,0,0,0,0,0,0,0,0,7,0,0,0,0,0,0,0,0,0,0,7,0,6,7,12,0,0,0,0,0,9,0,0,7,5,0,17,20,12,14,15,16,18,13,26,0,0,0,0,0,0,0,6,0,0,0,0,6,0,0,0,0,0,0,0,0,0,0,6,6,6,0,6,7,11,9,12,0,0,6,0,0,0,0,0,0,0,0,0,11,0,0,0,0,26,7,6,5,7,6,21,23,22,21,59,79,51,32,24,0,0,0,6,0,13,0,6,0,0,0,0,9,0,0,0,0,0,0,0,0,5,9,0,0,0,0,5,0,11,0,0,5,5,7,8,0,21,0,6,0,0,0,7,8,0,0,6,0,0,0,0,0,9,0,0,9,0,0,0,0,0,0,0,12,30,13,5,0,0,0,0,0,0,0,5,0,0,0,0,0,0,0,0,0,0,0,0,0,0,0,7,5,26,10,0,10,12,8,0,0,0,0,6,0,0,5,15,0,0,0,0,0,0,0,0,0,10,0,0,0,0,0,8,0,6,6,0,0,0,0,0,0,0,0,0,0,0,0,0,0,0,0,0,0,0,0,0,0,0,0,0,0,0,0,0,0,0,0,0,0,0,8,0,0,0,0,0,0,0,0,0,0,0,0,0,0,0,0,0,0,0,0,0,0,0,0,0,0,0,0,0,0,0,0,0,0,7,0,0,0,0,0,0,13,0,5,0,0,0,0,0,0,0,0,0,0,0,0,0,0,0,0,0,0,0,0,0,0,0,0,0,0,0,0,0,13,39,6,0,0,0,0,0,0,11,0,7,8,47,6,0,0,6,6,0,0,7,6,0,0,0,0,7,0,0,0,5,16,0,0,0,0,0,0,0,0,0,0,0,0,0,0,0,0,0,0,0,0,6,0,0,0,0,0,0,0,5,0,28,0,0,0,0,0,0,0,0,0,0,0,8,0,0,0,0,0,0,0,0,0,7,5,0,0,0,0,0,0,0,0,8,0,17,0,0,0,0,0,0,0,0,0,8,0,0,0,0,0,6,0,0,5,7,7,0,0,0,0,0,13,0,7,0,0,0,9,0,0,0,0,0,0,0,0,13,6,0,0,0,0,6,0,5"
2024-09-04 10:17:32.269,"13,13,15,41,51,13,13,33,0,10,5,13,11,0,13,16,0,10,8,8,6,6,5,9,5,7,0,0,0,6,0,0,45,27,17,12,0,5,9,34,0,15,11,23,11,0,12,27,5,15,18,22,23,32,37,34,45,15,5,0,0,0,0,0,18,16,13,9,0,0,0,6,0,0,6,0,0,0,0,0,0,5,8,11,19,17,14,30,14,10,0,0,7,10,6,6,11,7,0,19,0,0,0,0,0,0,0,0,0,0,0,0,0,0,0,0,0,6,7,8,11,11,6,27,10,40,22,11,0,0,0,0,0,0,0,0,0,0,0,0,0,0,0,0,0,0,0,0,0,0,0,0,5,0,5,31,9,16,9,9,0,0,0,0,0,0,0,0,0,0,0,0,0,0,0,0,0,20,0,0,0,0,0,0,0,0,0,0,0,0,0,0,0,7,0,0,0,0,0,0,0,0,5,0,0,9,0,8,0,14,6,7,9,26,0,5,7,0,0,0,0,0,0,0,0,0,0,0,12,0,0,0,0,0,0,0,0,0,0,0,0,0,0,0,0,0,0,0,0,0,7,9,0,0,0,0,0,0,0,0,0,0,0,0,0,0,0,0,0,0,0,0,0,0,0,0,0,0,0,0,8,0,8,8,6,6,0,0,0,0,0,0,0,0,0,0,0,0,0,0,0,0,0,0,0,0,0,0,0,0,0,5,12,21,24,17,26,39,11,5,0,0,0,0,0,0,0,0,0,0,0,0,0,0,6,7,5,0,0,0,0,0,0,0,5,15,39,17,29,16,5,0,0,0,0,0,0,0,0,0,0,0,0,0,0,0,0,0,0,0,0,6,0,5,0,0,0,0,0,0,0,0,0,0,0,0,0,0,0,0,0,0,0,0,0,0,0,0,0,0,0,0,0,0,0,0,0,0,0,0,14,8,0,0,0,0,0,0,0,0,0,0,0,0,0,0,0,0,0,0,0,0,13,0,8,6,7,0,0,0,14,8,37,9,0,0,0,0,0,0,0,0,0,0,0,0,0,0,0,0,0,0,0,0,0,0,0,0,0,0,0,0,0,0,0,0,0,0,0,0,9,11,0,0,0,0,0,0,0,0,0,0,0,0,0,0,0,0,0,0,0,0,0,0,0,13,0,0,0,0,0,0,0,0,0,0,0,0,0,0,0,0,0,5,0,0,0,0,0,0,0,0,0,0,0,0,0,0,0,0,6,0,0,0,0,0,0,0,0,0,0,7,0,5,7,12,6,0,0,0,0,9,0,0,5,5,0,18,20,12,14,15,15,18,13,26,0,0,0,0,0,0,0,6,0,0,0,0,6,0,0,0,0,0,0,0,0,0,0,6,6,6,0,6,7,11,9,12,0,0,6,0,0,0,0,0,0,0,0,0,11,0,0,0,0,27,7,6,5,8,6,21,23,21,21,59,79,51,32,24,0,0,0,6,0,14,0,6,0,0,0,0,10,0,0,0,0,0,0,0,0,5,9,0,0,0,0,5,0,11,0,0,0,5,7,9,0,22,0,6,0,0,0,6,7,0,0,7,0,0,0,0,0,8,0,0,8,0,0,0,0,0,0,0,11,31,13,5,0,0,0,0,0,0,0,5,0,0,0,0,0,0,0,0,0,0,0,0,0,0,0,7,0,27,10,0,10,12,9,0,0,0,0,6,0,0,5,14,0,0,0,0,0,0,0,0,0,9,0,0,0,0,0,7,0,6,6,0,0,0,0,0,0,0,0,0,0,0,0,0,0,0,0,0,0,0,0,0,0,0,0,0,0,0,0,0,0,0,0,0,0,0,7,0,0,0,0,0,0,0,0,0,0,0,0,0,0,0,0,0,0,0,0,0,0,0,0,0,0,0,0,0,0,0,0,0,0,7,0,0,0,0,0,0,13,0,5,0,0,0,0,0,0,0,0,0,0,0,0,0,0,0,0,0,0,0,0,0,0,0,0,0,0,0,0,0,11,39,5,0,0,0,0,0,0,11,0,7,8,47,6,0,0,5,6,0,0,7,7,0,0,0,0,6,0,0,0,5,16,0,0,0,0,0,0,0,0,0,0,0,0,0,0,0,0,0,0,0,0,6,5,0,0,0,5,0,0,5,0,29,0,0,0,0,0,0,0,0,0,0,0,7,0,0,0,0,0,0,0,0,0,6,0,0,0,0,0,0,0,0,0,9,0,17,0,0,0,0,0,0,0,0,0,8,0,0,0,0,0,6,0,0,5,8,7,0,0,0,0,0,13,0,7,0,0,0,10,0,0,0,0,5,0,0,0,13,6,0,0,0,0,7,0,5"
2024-09-04 10:17:32.350,"13,13,15,41,51,13,14,33,0,10,5,12,11,0,13,16,0,10,8,8,6,6,5,9,5,7,0,0,0,6,0,0,45,27,17,12,0,5,9,34,0,15,11,24,11,0,12,27,5,15,18,22,23,31,38,34,45,15,5,0,0,0,0,0,18,16,14,9,0,0,0,6,0,0,6,0,0,0,0,0,0,0,8,11,19,18,14,30,13,10,0,0,7,10,7,5,11,7,0,19,0,0,0,0,0,0,0,0,0,0,0,0,0,0,0,0,0,6,7,9,11,11,6,27,10,40,22,11,0,0,0,0,0,0,0,0,0,0,0,0,0,0,0,0,0,0,0,0,0,0,0,0,5,0,5,32,9,16,9,8,0,0,0,0,0,0,0,0,0,0,0,0,0,0,0,0,0,19,5,0,0,5,0,0,0,0,0,0,0,0,0,0,0,7,0,0,0,0,0,0,0,0,0,0,0,9,0,7,0,14,7,7,9,26,5,5,7,0,0,0,0,0,0,0,0,0,0,0,12,0,0,0,0,0,0,0,0,0,0,0,0,0,0,0,0,0,0,0,0,0,7,8,0,0,0,0,0,0,0,0,0,0,0,0,0,0,0,0,0,0,0,0,0,0,0,0,0,0,0,0,9,0,8,7,6,6,0,0,0,0,0,0,0,0,0,0,0,0,0,0,0,0,0,0,0,0,0,0,0,0,0,5,12,21,24,18,26,40,11,5,0,0,0,0,0,0,0,0,0,0,0,0,0,0,6,7,0,0,0,0,0,0,0,0,5,15,42,18,25,16,6,0,0,0,0,0,0,0,0,0,0,0,0,0,0,0,0,0,0,0,0,5,0,5,0,0,0,0,0,0,0,0,0,0,0,0,0,0,0,0,0,0,0,0,0,0,0,0,0,0,0,0,0,0,0,0,0,0,0,0,14,8,0,0,0,0,0,0,0,0,0,0,0,0,0,0,0,0,0,0,0,0,12,0,9,5,8,0,0,5,14,8,37,9,0,0,0,0,0,0,0,0,0,0,0,0,0,0,0,0,0,0,0,0,0,0,0,0,5,0,0,0,0,0,0,0,0,0,0,0,9,11,0,0,0,0,0,0,0,0,0,0,0,0,0,0,0,0,0,0,0,0,0,0,0,16,0,0,0,0,0,0,0,0,0,0,0,0,0,0,0,0,0,6,0,0,0,0,0,0,0,0,0,0,0,0,0,0,0,0,6,0,0,0,0,0,0,0,0,0,0,7,0,5,7,12,0,0,0,0,0,8,0,0,5,6,0,17,21,12,14,15,15,18,13,26,0,0,0,0,0,0,0,6,0,0,0,0,5,0,0,0,0,0,0,0,0,0,0,7,5,6,0,6,7,11,9,11,0,0,6,0,0,0,0,0,0,0,0,0,11,0,0,0,0,26,7,6,5,8,6,21,22,22,21,60,79,52,32,24,0,0,0,6,0,14,0,6,0,0,0,0,9,0,0,0,0,0,0,0,0,5,9,0,0,0,0,5,0,12,0,0,0,5,7,9,0,21,0,5,0,0,0,6,8,0,0,7,0,0,0,0,0,9,0,0,8,0,0,0,0,0,0,0,12,30,13,5,0,0,0,0,0,0,0,6,0,0,0,0,0,0,0,0,0,0,0,0,0,0,0,7,5,27,10,0,10,12,9,0,0,0,0,6,0,0,5,14,0,0,0,0,0,0,0,0,0,9,0,0,0,0,0,8,0,6,7,0,0,0,0,0,0,0,0,0,0,0,0,0,0,0,0,0,0,0,0,0,0,0,0,0,0,0,0,0,0,0,0,0,0,0,8,0,0,0,0,0,0,0,0,0,0,0,0,0,0,0,0,0,0,0,0,0,0,0,0,0,0,0,0,0,0,0,0,0,0,7,0,0,0,0,0,0,13,0,5,0,0,0,0,0,0,0,0,0,0,0,0,0,0,0,0,0,0,0,0,0,0,0,0,0,0,0,0,0,7,39,5,0,0,0,0,0,0,11,0,7,8,48,6,0,0,5,7,0,0,8,6,0,0,0,0,7,0,0,0,0,16,0,0,0,0,0,0,0,0,0,0,0,0,0,0,0,0,0,0,0,0,7,0,0,0,0,5,0,0,5,0,28,0,0,0,0,0,0,0,0,0,0,0,8,0,0,0,0,0,0,0,0,0,5,0,0,0,0,0,0,0,0,0,9,0,18,0,0,0,0,0,0,0,0,0,8,0,0,0,0,0,6,0,0,0,8,7,0,0,0,0,0,12,0,7,0,0,0,9,0,0,0,0,0,0,0,0,12,6,0,0,0,0,7,0,5"
2024-09-04 10:17:32.501,"13,13,14,41,50,13,13,33,0,10,5,13,11,0,13,16,0,10,8,8,6,7,5,9,5,7,0,0,0,5,0,0,45,27,17,12,0,5,9,34,0,15,11,23,11,0,13,27,5,15,18,22,23,32,38,34,45,15,6,0,0,0,0,0,18,16,14,9,0,0,0,6,0,0,6,0,0,0,0,0,0,5,8,12,19,18,15,30,13,10,0,0,7,10,6,6,11,8,0,19,0,0,0,0,0,0,0,0,0,0,0,0,0,0,0,0,0,6,7,9,11,11,6,26,11,40,22,11,0,0,0,0,0,0,0,0,0,0,0,0,0,0,0,0,0,0,0,0,0,0,0,0,0,0,5,31,10,16,9,8,0,0,0,0,0,0,0,0,0,0,0,0,0,0,0,0,0,20,0,0,0,5,0,0,0,0,0,0,0,0,0,0,0,7,0,0,0,0,0,0,0,0,5,0,0,9,0,7,0,14,6,7,9,25,0,5,7,0,0,0,0,0,0,0,0,0,0,0,12,5,0,0,0,0,0,0,0,0,0,0,0,0,0,0,0,0,0,0,0,0,7,8,0,0,0,0,0,0,0,0,0,0,0,0,0,0,0,0,0,0,0,0,0,0,0,0,0,0,0,0,8,0,9,8,6,7,0,0,0,0,0,0,0,0,0,0,0,0,0,0,0,0,0,0,0,0,5,0,0,0,0,6,13,22,24,21,31,39,12,5,0,0,0,0,0,0,0,0,0,0,0,0,0,0,6,7,0,0,0,0,0,0,0,0,5,15,39,19,22,12,5,0,0,0,0,0,0,0,0,0,0,0,0,0,0,0,0,0,0,0,0,5,0,5,0,0,0,0,0,0,0,0,0,0,0,0,0,0,0,0,0,0,0,0,0,0,0,0,0,0,0,0,0,0,0,0,0,0,0,0,14,8,0,5,0,0,0,0,0,0,0,0,0,0,0,0,0,0,0,0,0,0,13,0,8,5,7,0,0,0,14,8,37,9,0,0,0,0,0,0,0,0,0,0,0,0,0,0,0,0,0,0,0,0,0,0,0,0,5,0,0,0,0,0,0,0,0,0,0,0,9,10,0,0,0,0,0,0,0,0,0,0,0,0,0,0,0,0,0,0,0,0,0,0,0,15,0,0,0,0,0,0,0,0,0,0,0,0,0,0,0,0,0,6,0,0,0,0,0,0,0,0,0,0,0,0,0,0,0,0,6,0,0,0,0,0,0,0,0,0,0,7,0,5,7,12,0,0,0,0,0,8,0,0,5,5,0,18,21,12,14,14,16,18,13,26,0,0,0,0,0,0,0,6,0,0,0,0,6,0,0,0,0,0,0,0,0,0,0,6,5,6,0,6,7,11,9,12,0,0,6,0,0,0,0,0,0,0,0,0,11,0,0,0,0,27,7,6,5,8,6,20,23,22,21,59,79,51,32,24,0,0,0,6,0,14,0,6,0,0,0,0,10,0,0,0,0,0,0,0,0,5,9,0,0,0,0,5,0,11,0,0,0,5,7,9,0,22,0,6,0,0,0,6,8,0,0,6,0,0,0,0,0,8,0,0,9,0,0,0,0,0,0,0,11,31,14,5,0,0,0,0,0,0,0,6,0,0,0,0,0,0,0,0,0,0,0,0,0,0,0,7,5,26,11,0,10,13,9,0,0,0,0,5,0,0,5,14,0,0,0,0,0,0,0,0,0,9,0,0,0,0,0,8,0,6,7,0,0,0,0,0,0,0,0,0,0,0,0,0,0,0,0,0,0,0,0,0,0,0,0,0,0,0,0,0,0,0,0,0,0,0,8,0,0,0,0,0,0,0,0,0,0,0,0,0,0,0,0,0,0,0,0,0,0,0,0,0,0,0,0,0,0,0,0,0,0,7,0,0,0,0,0,0,13,0,5,0,0,0,0,0,0,0,0,0,0,0,0,0,0,0,0,0,0,0,0,0,0,0,0,0,0,0,0,0,7,39,5,0,0,0,0,0,0,11,0,6,8,48,5,0,0,5,6,0,0,7,6,0,0,0,0,7,0,0,0,5,16,0,0,0,0,0,0,0,0,0,0,0,0,0,0,0,0,0,0,0,0,6,0,0,0,0,5,0,0,5,0,29,0,0,0,0,0,0,0,0,0,0,0,8,0,0,0,0,0,0,0,0,0,5,0,0,0,0,0,0,0,0,0,9,0,17,0,0,0,0,0,0,0,0,0,8,0,0,0,0,0,6,0,0,5,8,7,0,0,0,0,0,12,0,7,0,0,0,10,0,0,0,0,5,0,0,0,12,6,0,0,0,0,6,0,5"
2024-09-04 10:17:32.518,"13,13,15,41,51,13,14,33,0,10,5,13,11,0,13,16,0,10,8,7,7,6,5,9,5,7,0,0,0,6,0,0,45,27,18,12,0,5,9,34,0,15,11,24,11,0,12,28,5,15,18,22,23,31,38,34,45,16,5,0,0,0,0,0,18,16,13,9,0,0,0,6,0,0,6,0,0,0,0,5,0,0,8,11,19,17,15,30,14,10,0,0,7,10,7,5,11,8,0,19,0,0,0,0,0,0,0,0,0,0,0,0,0,0,0,0,0,6,7,9,11,11,6,26,11,40,22,11,0,0,0,0,0,0,0,0,0,0,0,0,0,0,0,0,0,0,0,0,0,0,0,0,0,0,5,31,10,16,9,8,0,0,0,0,0,0,0,0,0,0,0,0,0,0,0,0,0,20,5,0,0,5,0,0,0,0,0,0,0,0,0,0,0,7,0,0,0,0,0,0,0,0,5,0,0,9,0,7,0,14,6,7,9,26,5,5,8,0,0,0,0,0,0,0,0,0,0,0,12,5,0,0,0,0,0,0,0,0,0,0,0,0,0,0,0,0,0,0,0,0,7,6,0,0,0,0,0,0,0,0,0,0,0,0,0,0,0,0,0,0,0,0,0,0,0,0,0,0,0,0,9,0,9,7,6,7,0,0,0,0,0,0,0,0,0,0,0,0,0,0,0,0,0,0,0,0,0,0,0,0,0,5,13,22,24,17,27,39,11,5,0,0,0,0,0,0,0,0,0,0,0,0,0,0,6,7,0,0,0,0,0,0,0,0,5,14,38,17,27,13,5,0,0,0,0,0,0,0,0,0,0,0,0,0,0,0,0,0,0,0,0,6,0,0,0,0,0,0,0,0,0,0,0,0,0,0,0,0,0,0,0,0,0,0,0,0,0,0,0,0,0,0,0,0,0,0,0,0,0,0,14,7,0,0,0,0,0,0,0,0,0,0,0,0,0,0,0,0,0,0,0,0,13,0,8,5,7,0,0,0,14,8,37,9,0,0,0,0,0,0,0,0,0,0,0,0,0,0,0,0,0,0,0,0,0,0,0,0,0,0,0,0,0,0,0,0,0,0,0,0,9,10,0,0,0,0,0,0,0,0,0,0,0,0,0,0,0,0,0,0,0,0,0,0,0,16,0,0,0,0,0,0,0,0,0,0,0,0,0,0,0,0,0,5,0,0,0,0,0,0,0,0,0,0,0,0,0,0,0,0,6,0,0,0,0,0,0,0,0,0,0,7,0,5,8,12,0,0,0,0,0,9,0,0,5,5,0,18,21,13,13,15,16,19,12,26,0,0,0,0,0,0,0,6,0,0,0,0,5,0,0,0,0,0,0,0,0,0,0,7,6,6,0,6,7,11,9,12,0,0,6,0,0,0,0,0,0,0,0,0,11,0,0,0,0,26,7,6,6,8,6,21,22,22,21,59,79,52,32,24,0,0,0,5,0,14,0,5,0,0,0,0,9,0,0,0,0,0,0,0,0,5,9,0,0,0,0,0,0,11,0,0,0,5,7,8,0,23,0,5,0,0,0,6,7,0,0,6,0,0,0,0,0,9,0,0,8,0,0,0,0,0,0,0,11,30,13,5,0,0,0,0,0,0,0,6,0,0,0,0,0,0,0,0,0,0,0,0,0,0,0,7,5,27,10,0,10,12,9,0,0,0,0,6,0,0,5,14,0,0,0,0,0,0,0,0,0,9,0,0,0,0,0,8,0,6,6,0,0,5,0,0,0,0,0,0,0,0,0,0,0,0,0,0,0,0,0,0,0,0,0,0,0,0,0,0,0,0,0,0,0,0,7,0,0,0,0,0,0,0,0,0,0,0,0,0,0,0,0,0,0,0,0,0,0,0,0,0,0,0,0,0,0,0,0,0,0,7,0,0,0,0,0,0,13,0,5,0,0,0,0,0,0,0,0,0,0,0,0,0,0,0,0,0,0,0,0,0,0,0,0,0,0,0,0,0,8,39,5,0,0,0,0,0,0,11,0,7,8,47,6,0,0,5,6,0,0,8,6,0,0,0,0,6,0,0,0,5,16,0,0,0,0,0,0,0,0,0,0,0,0,0,0,0,0,0,0,0,0,7,0,0,0,0,5,0,0,5,0,29,0,0,0,0,0,0,0,0,0,0,0,8,0,0,0,0,0,0,0,0,0,5,0,0,0,0,0,0,0,0,0,9,0,18,0,0,0,0,0,0,0,0,0,8,0,0,0,0,0,6,0,0,5,8,7,0,0,0,0,0,12,0,7,0,0,0,10,0,0,0,0,5,0,0,0,12,6,0,0,0,0,7,0,5"
2024-09-04 10:17:32.592,"13,13,15,41,51,13,13,33,0,10,5,13,11,0,13,16,0,10,9,8,6,7,0,9,5,7,0,0,0,6,0,0,45,27,18,12,0,5,9,34,0,15,11,24,10,0,12,28,5,15,19,22,23,32,38,34,45,16,5,0,0,0,0,0,18,16,13,9,0,0,0,6,0,0,6,0,0,0,0,0,0,0,8,11,19,17,15,30,14,10,0,0,7,10,7,6,11,8,0,19,0,0,0,0,0,0,0,0,0,0,0,0,0,0,0,0,0,7,7,8,11,11,6,27,10,40,22,11,0,0,0,0,0,0,0,0,0,0,0,0,0,0,0,0,0,0,0,0,0,0,0,0,0,0,5,31,9,16,9,8,0,0,0,0,0,0,0,0,0,0,0,0,0,0,0,0,0,20,0,0,0,5,0,0,0,0,0,0,0,0,0,0,0,7,0,0,0,0,0,0,0,0,5,0,0,9,0,8,0,14,6,7,9,26,0,5,7,0,0,0,0,0,0,0,0,0,0,0,12,5,0,0,0,0,0,0,0,0,0,0,0,0,0,0,0,0,0,0,0,0,7,8,0,0,0,0,0,0,0,0,0,0,0,0,0,0,0,0,0,0,0,0,0,0,0,0,0,0,0,0,9,0,9,8,6,7,0,0,0,0,0,0,0,0,0,0,0,0,0,0,0,0,0,0,0,0,5,0,0,0,0,5,12,22,24,19,26,39,11,5,0,0,0,0,0,0,0,0,0,0,0,0,0,0,6,7,5,0,0,0,0,0,0,0,5,15,41,18,30,13,5,0,0,0,0,0,0,0,0,0,0,0,0,0,0,0,0,0,0,0,0,7,0,0,0,0,0,0,0,0,0,0,0,0,0,0,0,0,0,0,0,0,0,0,0,0,0,0,0,0,0,0,0,0,0,0,0,0,0,0,14,7,0,0,0,0,0,0,0,0,0,0,0,0,0,0,0,0,0,0,0,0,12,0,8,5,7,0,0,5,14,7,37,9,0,0,0,0,0,0,0,0,0,0,0,0,0,0,0,0,0,0,0,0,0,0,0,0,5,0,0,0,0,0,0,0,0,0,0,0,9,10,0,0,0,0,0,0,0,0,0,0,0,0,0,0,0,0,0,0,0,0,0,0,0,15,0,0,0,0,0,0,0,0,0,0,0,0,0,0,0,0,0,5,0,0,0,0,0,0,0,0,0,0,0,0,0,0,0,0,6,0,0,0,0,0,0,0,0,0,0,7,0,5,7,11,0,0,0,0,0,9,0,0,0,6,0,17,21,13,14,15,16,19,13,26,0,0,0,0,0,0,0,6,0,0,0,0,5,0,0,0,0,0,0,0,0,0,0,6,6,6,0,6,7,11,9,12,0,0,6,0,0,0,0,0,0,0,0,0,11,0,0,0,0,26,7,6,5,8,6,21,22,22,20,59,78,51,33,24,0,0,0,5,0,13,0,6,0,0,0,0,10,0,0,0,0,0,0,0,0,5,9,0,0,0,0,5,0,11,0,0,5,5,7,9,0,23,0,6,0,0,0,6,8,0,0,7,0,0,0,0,0,8,0,0,8,0,0,0,0,0,0,0,11,30,13,5,0,0,0,0,0,0,0,5,0,0,0,0,0,0,0,0,0,0,0,0,0,0,0,7,5,27,10,0,10,12,9,0,0,0,0,5,0,0,5,14,0,0,0,0,0,0,0,0,0,10,0,0,0,0,0,8,0,6,7,0,0,0,0,0,0,0,0,0,0,0,0,0,0,0,0,0,0,0,0,0,0,0,0,0,0,0,0,0,0,0,0,0,0,0,7,0,0,0,0,0,0,0,0,0,0,0,0,0,0,0,0,0,0,0,0,0,0,0,0,0,0,0,0,0,0,0,0,0,0,7,0,0,0,0,0,0,13,0,5,0,0,0,0,0,0,0,0,0,0,0,0,0,0,0,0,0,0,0,0,0,0,0,0,0,0,0,0,0,8,39,5,0,0,0,0,0,0,11,0,7,9,49,6,0,5,5,7,0,0,7,6,0,0,0,0,6,0,0,0,5,16,0,0,0,0,0,0,0,0,0,0,0,0,0,0,0,0,0,0,0,0,6,0,0,0,0,5,0,0,5,0,29,0,0,0,0,0,0,0,0,0,0,0,7,0,0,0,0,0,0,0,0,0,5,0,0,0,0,0,0,0,0,0,9,0,17,0,0,0,0,0,0,0,0,0,8,0,0,0,0,0,6,0,0,5,7,7,0,0,0,0,0,12,0,7,0,0,0,10,0,0,0,0,5,0,0,0,13,7,0,0,0,0,6,0,0"
2024-09-04 10:17:32.698,"14,13,15,41,51,13,13,33,0,10,5,13,11,0,13,16,0,10,8,8,6,7,5,8,5,7,0,0,0,6,0,0,45,27,17,12,0,5,8,34,0,15,11,24,11,0,12,27,5,15,18,22,23,32,38,34,45,15,5,0,0,0,0,0,18,17,13,9,0,0,0,6,0,0,5,0,0,0,0,0,0,0,8,12,19,18,14,30,13,10,0,0,7,10,7,5,11,7,0,19,0,0,0,0,0,0,0,0,0,0,0,0,0,0,0,0,0,6,7,8,11,11,6,27,10,40,22,11,0,0,0,0,0,0,0,0,0,0,0,0,0,0,0,0,0,0,0,0,0,0,0,0,5,0,5,31,9,16,9,8,0,0,0,0,0,0,0,0,0,0,0,0,0,0,0,0,0,20,5,0,0,5,0,0,0,0,0,0,0,0,0,0,0,7,0,0,0,0,0,0,0,0,0,0,0,9,0,9,0,14,6,7,9,26,5,5,8,0,0,0,0,0,0,0,0,0,0,0,12,5,0,0,0,0,0,0,0,0,0,0,0,0,0,0,0,0,0,0,0,0,8,9,0,0,0,0,0,0,0,0,0,0,0,0,0,0,0,0,0,0,0,0,0,0,0,0,0,0,0,0,9,0,9,8,6,7,0,0,0,0,0,0,0,0,0,0,0,0,0,0,0,0,0,0,0,0,5,0,0,0,0,5,12,22,24,21,27,40,12,5,0,0,0,0,0,0,0,0,0,0,0,0,0,0,6,7,5,0,0,0,0,0,0,0,5,14,41,18,29,14,5,0,0,0,0,0,0,0,0,0,0,0,0,0,0,0,0,0,0,0,0,6,0,5,0,0,0,0,0,0,0,0,0,0,0,0,0,0,0,0,0,0,0,0,0,0,0,0,0,0,0,0,0,0,0,0,0,0,0,0,13,8,0,0,0,0,0,0,0,0,0,0,0,0,0,0,0,0,0,0,0,0,12,0,8,5,7,0,0,0,14,8,37,9,0,0,0,0,0,0,0,0,0,0,0,0,0,0,0,0,0,0,0,0,0,0,0,0,0,0,0,0,0,0,0,0,0,0,0,0,9,11,0,0,0,0,0,0,0,0,0,0,0,0,0,0,0,0,0,0,0,0,0,0,0,16,0,5,0,0,0,0,0,0,0,0,0,0,0,0,0,0,0,5,0,0,0,0,0,0,0,0,0,0,0,0,0,0,0,0,7,0,0,0,0,0,0,0,0,0,0,7,0,5,8,11,0,0,0,0,0,9,0,0,5,5,0,17,21,12,14,15,15,18,13,26,0,0,0,0,0,0,0,6,0,0,0,0,5,0,0,0,0,0,0,0,0,0,0,7,5,6,0,6,7,11,9,12,0,0,6,0,0,0,0,0,0,0,0,0,11,0,0,0,0,26,7,6,6,8,6,21,22,22,20,59,78,51,32,24,0,0,0,6,0,13,0,5,0,0,0,0,9,0,0,0,0,0,0,0,0,5,9,0,0,0,0,5,0,12,0,0,0,5,7,9,0,23,0,5,0,0,0,7,8,0,0,6,0,0,0,0,0,9,0,0,8,0,0,0,0,0,0,0,11,30,13,0,0,0,0,0,0,0,0,6,0,0,0,0,0,0,0,0,0,0,0,0,0,0,0,7,5,26,11,0,10,12,9,0,0,0,0,5,0,0,5,14,0,0,0,0,0,0,0,0,0,9,0,0,0,0,0,8,0,6,6,0,0,0,0,0,0,0,0,0,0,0,0,0,0,0,0,0,0,0,0,0,0,0,0,0,0,0,0,0,0,0,0,0,0,0,7,0,0,0,0,0,0,0,0,0,0,0,0,0,0,0,0,0,0,0,0,0,0,0,0,0,0,0,0,0,0,0,0,0,0,6,0,0,0,0,0,0,13,0,5,0,0,0,0,0,0,0,0,0,0,0,0,0,0,0,0,0,0,0,0,0,0,0,0,0,0,0,0,0,8,40,5,0,0,0,0,0,0,11,0,7,8,49,6,5,0,6,6,0,0,8,6,0,0,0,0,6,0,0,0,5,16,0,0,0,0,0,0,0,0,0,0,0,0,0,0,0,0,0,0,0,0,7,0,0,0,0,5,0,0,5,0,29,0,0,0,0,0,0,0,0,0,0,0,8,0,0,0,0,0,0,0,0,0,6,5,0,0,0,0,0,0,0,0,9,0,17,0,0,0,0,0,0,0,0,0,8,0,0,0,0,0,5,0,0,5,7,7,0,0,0,0,0,12,0,7,0,0,0,10,0,0,0,0,5,0,0,0,12,6,0,0,0,0,7,0,5"
2024-09-04 10:17:32.766,"13,13,15,41,51,13,13,33,0,10,5,13,11,0,13,16,0,10,8,8,6,7,5,8,5,7,0,0,0,6,0,0,45,27,17,12,0,5,9,34,0,15,11,24,11,0,12,28,5,15,18,22,23,32,38,34,45,15,5,0,0,5,0,0,18,16,13,9,0,0,0,6,0,0,5,0,0,0,0,0,0,5,8,12,19,18,14,30,14,10,0,0,7,10,7,5,11,7,0,19,0,0,0,0,0,0,0,0,0,0,0,0,0,0,0,0,0,6,7,8,11,11,6,27,10,40,22,10,0,0,0,0,0,0,0,0,0,0,0,0,0,0,0,0,0,0,0,0,0,0,0,0,5,0,5,31,9,16,9,8,0,0,0,0,0,0,0,0,0,0,0,0,0,0,0,0,0,19,5,0,0,5,0,0,0,0,0,0,0,0,0,0,0,7,0,0,0,0,0,0,0,0,0,0,0,9,0,7,0,13,6,7,9,25,5,5,7,0,0,0,0,0,0,0,0,0,0,0,12,5,0,0,0,0,0,0,0,0,0,0,0,0,0,0,0,0,0,0,0,0,7,9,0,0,0,0,0,0,0,0,0,0,0,0,0,0,0,0,0,0,0,0,0,0,0,0,0,0,0,0,8,0,9,8,6,6,0,0,0,0,0,0,0,0,0,0,0,0,0,0,0,0,0,0,0,0,5,0,0,0,0,5,12,23,24,21,27,40,12,5,0,0,0,0,0,0,0,0,0,0,0,0,0,0,6,7,5,0,0,0,0,5,0,0,5,14,41,17,27,12,5,0,0,0,0,0,0,0,0,0,0,0,0,0,0,0,0,0,0,0,0,7,0,5,0,0,0,0,0,0,0,0,0,0,0,0,0,0,0,0,0,0,0,0,0,0,0,0,0,0,0,0,0,0,0,0,0,0,0,0,13,7,0,0,0,0,0,0,0,0,0,0,0,0,0,0,0,0,0,0,0,0,13,0,8,6,7,0,0,0,14,8,37,9,0,0,0,0,0,0,0,0,0,0,0,0,0,0,0,0,0,0,0,0,0,0,0,0,0,0,0,0,0,0,0,0,0,0,0,0,9,10,0,0,0,0,0,0,0,0,0,0,0,0,0,0,0,0,0,0,0,0,0,0,0,16,0,0,0,0,0,0,0,0,0,0,0,0,0,0,0,0,0,5,0,0,0,0,0,0,0,0,0,0,0,0,0,0,0,0,7,0,0,0,0,0,0,0,0,0,0,6,0,5,7,11,0,0,0,0,0,9,0,6,5,6,0,17,20,12,14,15,15,18,13,26,0,0,0,0,0,0,0,6,0,0,0,0,5,0,0,0,0,0,0,0,0,0,0,7,6,6,0,6,7,11,8,12,0,0,6,0,0,0,0,5,0,0,0,0,11,0,0,0,0,27,7,6,5,8,6,21,22,22,20,59,79,52,32,24,0,0,0,5,0,14,0,6,0,0,0,0,10,0,0,0,0,0,0,0,0,5,10,0,0,0,0,5,0,12,0,0,0,5,7,9,0,24,0,6,0,0,0,6,8,0,0,7,0,0,0,0,0,9,0,0,8,0,0,0,0,0,0,0,11,31,13,0,0,0,0,0,0,0,0,5,0,0,0,0,0,0,0,0,0,0,0,0,0,0,0,7,0,27,10,0,10,13,9,0,0,0,0,5,0,0,5,14,0,0,0,0,0,0,0,0,0,10,0,0,0,0,0,8,0,6,6,0,0,5,0,0,0,0,0,0,0,0,0,0,0,0,0,0,0,0,0,0,0,0,0,0,0,0,0,0,0,0,0,0,0,0,7,0,0,0,0,0,0,0,0,0,0,0,0,0,0,0,0,0,0,0,0,0,0,0,0,0,0,0,0,0,0,0,0,0,0,7,0,0,0,0,0,0,13,0,0,0,0,0,0,0,0,0,0,0,0,0,0,0,0,0,0,0,0,0,0,0,0,0,0,0,0,0,0,0,8,39,5,0,0,0,0,0,0,11,0,7,8,49,6,0,0,5,6,0,0,7,6,0,0,0,0,6,0,0,0,5,16,0,0,0,0,0,0,0,0,0,0,0,0,0,0,0,0,0,0,0,0,7,0,0,0,0,5,0,0,5,0,29,0,0,0,0,0,0,0,0,0,0,0,8,0,0,0,0,0,0,0,0,0,7,5,0,0,0,0,0,0,0,0,9,0,18,0,0,0,0,0,0,0,0,0,8,0,0,0,0,0,6,0,0,5,7,7,0,0,0,0,0,12,0,6,0,0,0,9,0,0,0,0,5,0,0,0,12,6,0,0,0,0,6,0,5"
2024-09-04 10:17:32.851,"13,12,15,41,51,13,13,33,0,10,5,13,11,0,13,16,0,10,8,8,6,6,5,9,5,8,0,0,0,5,0,0,45,27,17,12,0,5,9,34,0,15,11,24,11,0,12,28,5,15,18,22,23,31,38,34,46,15,5,0,0,0,0,0,18,16,14,9,0,0,0,6,0,0,5,0,0,0,0,0,0,5,8,11,19,18,15,30,14,10,0,0,8,10,7,6,11,8,5,19,0,0,0,0,0,0,0,0,0,0,0,0,0,0,0,0,0,7,6,9,10,11,7,26,11,40,23,10,0,0,0,0,0,0,0,0,0,0,0,0,0,0,0,0,0,0,0,0,0,0,0,0,0,0,5,33,10,15,9,8,0,0,0,0,0,0,0,0,0,0,0,0,0,0,0,0,0,19,0,0,0,5,0,0,0,0,0,0,0,0,0,0,0,7,0,0,0,0,0,0,0,0,5,0,0,9,0,7,0,12,6,7,9,26,0,0,7,0,0,0,0,0,0,0,0,0,0,0,12,5,0,0,0,0,0,0,0,0,0,0,0,0,0,0,0,0,0,0,0,0,7,9,0,0,0,0,0,0,0,0,0,0,0,0,0,0,0,0,0,0,0,0,0,0,0,0,0,0,0,0,8,0,9,7,6,6,0,0,0,0,0,0,0,0,0,0,0,0,0,0,0,0,0,0,0,0,5,0,0,0,0,5,12,23,24,21,27,41,12,5,0,0,0,0,0,0,0,0,0,0,0,0,0,0,6,7,5,0,0,0,0,5,0,0,5,14,41,17,22,12,5,0,0,0,0,0,0,0,0,0,0,0,0,0,0,0,0,0,0,0,0,7,0,5,0,0,0,0,0,0,0,0,0,0,0,0,0,0,0,0,0,0,0,0,0,0,0,0,0,0,0,0,0,0,0,0,0,0,0,0,13,8,0,0,0,0,0,0,0,0,0,0,0,0,0,0,0,0,0,0,0,0,12,0,8,6,7,0,0,0,14,8,37,9,0,0,0,0,0,0,0,0,0,0,0,0,0,0,0,0,0,0,0,0,0,0,0,0,0,0,0,0,0,0,0,0,0,0,0,0,9,10,0,0,0,0,0,0,0,0,0,0,0,0,0,0,0,0,0,0,0,0,0,0,0,16,0,0,0,0,0,0,0,0,0,0,0,0,0,0,0,0,0,5,0,0,0,0,0,0,0,0,0,0,0,0,0,0,0,0,7,0,0,0,0,0,0,0,0,0,0,6,0,5,7,11,0,0,0,0,0,8,0,0,5,5,0,17,21,12,14,15,16,18,13,26,0,0,0,0,0,0,0,6,0,0,0,0,6,0,0,0,0,0,0,0,0,0,0,7,6,6,0,6,7,11,9,12,0,0,6,0,0,0,0,0,0,0,0,0,11,0,0,0,0,26,7,6,5,8,6,21,22,22,20,60,79,51,32,24,0,0,0,5,0,14,0,7,0,0,0,0,9,0,0,0,0,0,0,0,0,0,10,0,0,0,0,5,0,11,0,0,0,5,7,9,0,23,0,6,0,0,0,6,8,0,0,6,0,0,0,0,0,9,0,0,8,0,0,0,0,0,0,0,11,31,13,5,0,0,0,0,0,0,0,6,0,0,0,0,0,0,0,0,0,0,0,0,0,0,0,7,5,26,11,0,10,14,9,0,0,0,0,5,0,0,5,14,0,0,0,0,0,0,0,0,0,10,0,0,0,0,0,8,0,6,7,0,0,5,0,0,0,0,0,0,0,0,0,0,0,0,0,0,0,0,0,0,0,0,0,0,0,0,0,0,0,0,0,0,0,0,7,0,0,0,0,0,0,0,0,0,0,0,0,0,0,0,0,0,0,0,0,0,0,0,0,0,0,0,0,0,0,0,0,0,0,7,0,0,0,0,0,0,13,0,0,0,0,0,0,0,0,0,0,0,0,0,0,0,0,0,0,0,0,0,0,0,0,0,0,0,0,0,0,0,8,39,0,0,0,0,0,0,0,12,0,7,8,49,6,0,0,6,6,0,0,7,6,0,0,0,0,6,0,0,0,5,16,0,0,0,0,0,0,0,0,0,0,0,0,0,0,0,0,0,0,0,0,6,0,0,0,0,0,0,0,5,0,29,0,0,0,0,0,0,0,0,0,0,0,8,0,0,0,0,0,0,0,0,0,7,5,0,0,0,0,0,0,0,0,8,0,17,0,0,0,0,0,0,0,0,0,8,0,0,0,0,0,6,0,0,0,8,7,0,0,0,0,0,12,0,6,0,0,0,9,0,0,0,0,0,0,0,0,12,6,0,0,0,0,7,0,5"
2024-09-04 10:17:33.032,"13,13,15,41,51,13,13,33,0,10,5,13,11,0,14,16,0,10,8,8,6,7,0,9,5,7,0,0,0,5,0,0,45,27,17,12,0,5,9,34,0,15,11,23,11,0,12,27,5,15,18,22,23,32,38,34,45,15,5,0,0,0,0,0,18,17,13,9,0,0,0,6,0,0,5,0,0,0,0,0,0,5,8,11,19,17,14,30,14,10,0,0,6,10,7,6,11,8,0,19,0,0,0,0,0,0,0,0,0,0,0,0,0,0,0,0,0,7,7,9,10,12,6,27,11,40,23,11,0,0,0,0,0,0,0,0,0,0,0,0,0,0,0,0,0,0,0,0,0,0,0,0,0,0,5,31,10,16,10,8,0,0,0,0,0,0,0,0,0,0,0,0,0,0,0,0,0,19,0,0,0,5,0,0,0,0,0,0,0,0,0,0,0,7,0,0,0,0,0,0,0,0,0,0,0,9,0,7,0,12,6,7,9,26,0,0,7,0,0,0,0,0,0,0,0,0,0,0,12,5,0,0,0,0,0,0,0,0,0,0,0,0,0,0,0,0,0,0,0,0,7,9,0,0,0,0,0,0,0,0,0,0,0,0,0,0,0,0,0,0,0,0,0,0,0,0,0,0,0,0,9,0,9,9,6,6,0,0,0,0,0,0,0,0,0,0,0,0,0,0,0,0,0,0,0,0,5,0,0,0,0,5,11,23,24,21,27,40,12,0,0,0,0,0,0,0,0,0,0,0,0,0,0,0,6,7,5,0,0,0,0,5,0,0,5,14,41,17,23,12,5,0,0,0,0,0,0,0,0,0,0,0,0,0,0,0,0,0,0,0,0,6,0,5,0,0,0,0,0,0,0,0,0,0,0,0,0,0,0,0,0,0,0,0,0,0,0,0,0,0,0,0,0,0,0,0,0,0,0,0,14,7,0,5,0,0,0,0,0,0,0,0,0,0,0,0,0,0,0,0,0,0,12,0,8,5,7,0,0,5,14,8,37,9,0,0,0,0,0,0,0,0,0,0,0,0,0,0,0,0,0,0,0,0,0,0,0,0,0,0,0,0,0,0,0,0,0,0,0,0,9,11,0,0,0,0,0,0,0,0,0,0,0,0,0,0,0,0,0,0,0,0,0,0,0,16,0,5,0,0,0,0,0,0,0,0,0,0,0,0,0,0,0,5,0,0,0,0,0,0,0,0,0,0,0,0,0,0,0,0,7,0,0,0,0,0,0,0,0,0,0,7,0,7,8,12,0,0,0,0,0,8,0,0,0,6,0,17,21,12,14,15,16,18,13,26,0,0,0,0,0,0,0,6,0,0,0,0,6,0,0,0,0,0,0,0,0,0,0,7,5,6,0,5,7,11,10,11,0,0,6,0,0,0,0,0,0,0,0,0,11,0,0,0,0,26,7,6,5,8,6,19,22,21,20,60,79,51,32,24,0,0,0,5,0,14,0,5,0,0,0,0,9,0,0,0,0,0,0,0,0,5,9,0,0,0,0,5,0,12,0,0,5,0,7,9,0,24,0,5,0,0,0,7,7,0,0,6,0,0,0,0,0,9,0,0,8,0,0,0,0,0,0,0,11,30,13,5,0,0,0,0,0,0,0,6,0,0,0,0,0,0,0,0,0,0,0,0,0,0,0,7,5,27,11,0,10,12,9,0,0,0,0,5,0,0,5,14,0,0,0,0,0,0,0,0,0,10,0,0,0,0,0,7,0,6,6,0,0,5,0,0,0,0,0,0,0,0,0,0,0,0,0,0,0,0,0,0,0,0,0,0,0,0,0,0,0,0,0,0,0,0,7,0,0,0,0,0,0,0,0,0,0,0,0,0,0,0,0,0,0,0,0,0,0,0,0,0,0,0,0,0,0,0,0,0,0,7,0,0,0,0,0,0,13,0,0,0,0,0,0,0,0,0,0,0,0,0,0,0,0,0,0,0,0,0,0,0,0,0,0,0,0,0,0,0,8,39,5,0,0,0,0,0,0,11,0,6,8,49,6,0,0,5,6,0,0,7,6,0,0,0,0,7,0,0,0,5,16,0,0,0,0,0,0,0,0,0,0,0,0,0,0,0,0,0,0,0,0,6,0,0,0,0,5,0,0,5,0,28,0,0,0,0,0,0,0,0,0,0,0,7,0,0,0,0,0,0,0,0,0,7,5,0,0,0,0,0,0,0,0,8,0,17,0,0,0,0,0,0,0,0,0,8,0,0,0,0,0,6,0,0,5,7,7,0,0,0,0,0,12,0,6,0,0,0,9,0,0,0,0,0,0,0,0,13,6,0,0,0,0,6,0,0"
2024-09-04 10:17:33.033,"13,13,15,41,52,13,13,33,0,10,5,13,12,0,14,16,0,10,8,8,6,7,5,9,5,7,0,0,0,0,0,0,45,27,17,12,0,6,9,34,0,15,11,24,10,0,13,27,6,15,18,22,23,32,38,34,45,15,5,0,0,0,0,0,18,16,13,9,0,0,0,6,0,0,5,0,0,0,0,0,0,0,8,12,19,18,15,30,13,9,0,0,7,10,7,5,11,7,5,19,0,0,0,0,0,0,0,0,0,0,0,0,0,0,0,0,0,6,7,8,11,11,6,26,10,40,22,11,0,0,0,0,0,0,0,0,0,0,0,0,0,0,0,0,0,0,0,0,0,0,0,0,0,0,5,31,10,16,9,8,0,0,0,0,0,0,0,0,0,0,0,0,0,0,0,0,0,19,0,0,0,5,0,0,0,0,0,0,0,0,0,0,0,7,0,0,0,0,0,0,0,0,0,0,0,9,0,7,0,13,6,7,9,26,0,5,7,0,0,0,0,0,0,0,0,0,0,0,11,5,0,0,0,0,0,0,0,0,0,0,0,0,0,0,0,0,0,0,0,0,7,8,0,0,0,0,0,0,0,0,0,0,0,0,0,0,0,0,0,0,0,0,0,0,0,0,0,0,0,0,9,0,9,8,6,6,0,0,0,0,0,0,0,0,0,0,0,0,0,0,0,0,0,0,0,0,5,0,0,0,0,5,12,23,24,21,27,41,12,5,0,0,0,0,0,0,0,0,0,0,0,0,0,0,6,7,5,0,0,0,0,5,0,0,5,14,41,18,28,14,5,0,0,0,0,0,0,0,0,0,0,0,0,0,0,0,0,0,0,0,0,6,0,5,0,0,0,0,0,0,0,0,0,0,0,0,0,0,0,0,0,0,0,0,0,0,0,0,0,0,0,0,0,0,0,0,0,0,0,0,14,8,0,5,0,0,0,0,0,0,0,0,0,0,0,0,0,0,0,0,0,0,12,0,8,5,6,0,0,5,14,8,37,9,0,0,0,0,0,0,0,0,0,0,0,0,0,0,0,0,0,0,0,0,0,0,0,0,0,0,0,0,0,0,0,0,0,0,0,0,9,11,0,0,0,0,0,0,0,0,0,0,0,0,0,0,0,0,0,0,0,0,0,0,0,17,0,0,0,0,0,0,0,0,0,0,0,0,0,0,0,0,0,5,0,0,0,0,0,0,0,0,0,0,0,0,0,0,0,0,7,0,0,0,0,0,0,0,0,0,0,7,0,5,8,11,0,0,0,0,0,8,0,0,5,5,0,17,21,12,14,15,16,18,13,26,0,0,0,0,0,0,0,6,0,0,0,0,5,0,0,0,0,0,0,0,0,0,0,7,5,6,0,6,7,11,9,11,0,0,6,0,0,0,0,0,0,0,0,0,11,0,0,0,0,26,7,6,5,7,6,21,22,22,20,59,79,51,32,24,0,0,0,5,0,14,0,5,0,0,0,0,9,0,0,0,0,0,0,0,0,5,9,0,0,0,0,5,0,12,0,0,5,5,7,9,0,24,0,6,0,0,0,7,8,0,0,7,0,0,0,0,0,8,0,0,8,0,0,0,0,0,0,0,12,30,14,5,0,0,0,0,0,0,0,5,0,0,0,0,0,0,0,0,0,0,0,0,0,0,0,7,5,26,11,0,10,13,9,0,0,0,0,5,0,0,5,14,0,0,0,0,0,0,0,0,0,10,0,0,0,0,0,8,0,6,7,0,0,5,0,0,0,0,0,0,0,0,0,0,0,0,0,0,0,0,0,0,0,0,0,0,0,0,0,0,0,0,0,0,0,0,7,0,0,0,0,0,0,0,0,0,0,0,0,0,0,0,0,0,0,0,0,0,0,0,0,0,0,0,0,0,0,0,0,0,0,6,0,0,0,0,0,0,13,0,5,0,0,0,0,0,0,0,0,0,0,0,0,0,0,0,0,0,0,0,0,0,0,0,0,0,0,0,0,0,8,39,5,0,0,0,0,0,0,11,0,7,8,49,6,0,0,6,6,0,0,7,6,0,0,0,0,6,0,0,0,5,16,0,0,0,0,0,0,0,0,0,0,0,0,0,0,0,0,0,0,0,0,7,0,0,0,0,5,0,0,5,0,29,0,0,0,0,0,0,0,0,0,0,0,8,0,0,0,0,0,0,0,0,0,7,5,0,0,0,0,0,0,0,0,8,0,18,0,0,0,0,0,0,0,0,0,8,0,0,0,0,0,6,0,0,5,7,7,0,0,0,0,0,12,0,6,0,0,0,9,0,0,0,0,5,0,0,0,12,6,0,0,0,0,6,0,5"
2024-09-04 10:17:33.096,"13,13,14,41,52,13,13,33,0,10,5,13,11,0,13,16,0,10,8,8,6,6,5,9,5,7,0,0,0,5,0,0,45,27,17,12,0,5,9,34,0,15,11,24,11,0,12,28,5,16,18,23,23,31,38,34,45,15,5,0,0,0,0,0,18,16,14,9,0,0,0,6,0,0,5,0,0,0,0,5,0,5,8,11,19,18,15,30,14,10,0,0,7,11,7,6,11,7,0,19,0,0,0,0,0,0,0,0,0,0,0,0,0,0,0,0,0,6,7,9,11,11,6,26,10,40,23,10,0,0,0,0,0,0,0,0,0,0,0,0,0,0,0,0,0,0,0,0,0,0,0,0,0,0,5,31,10,16,9,8,0,0,0,0,0,0,0,0,0,0,0,0,0,0,0,0,0,19,5,0,0,5,0,0,0,0,0,0,0,0,0,0,0,7,0,0,0,0,0,0,0,0,0,0,0,9,0,7,0,13,6,7,9,25,0,5,6,0,0,0,0,0,0,0,0,0,0,0,11,5,0,0,0,0,0,0,0,0,0,0,0,0,0,0,0,0,0,0,0,0,8,9,0,0,0,0,0,0,0,0,0,0,0,0,0,0,0,0,0,0,0,0,0,0,0,0,0,0,0,0,9,0,9,9,6,7,0,0,0,0,0,0,0,0,0,0,0,0,0,0,0,0,0,0,0,0,5,0,0,0,0,5,12,22,24,22,27,41,12,5,0,0,0,0,0,0,0,0,0,0,0,0,0,0,6,7,5,0,5,0,0,5,5,0,5,14,40,18,24,13,5,0,0,0,0,0,0,0,0,0,0,0,0,0,0,0,0,0,0,0,0,6,0,5,0,0,0,0,0,0,0,0,0,0,0,0,0,0,0,0,0,0,0,0,0,0,0,0,0,0,0,0,0,0,0,0,0,0,0,0,14,7,0,0,0,0,0,0,0,0,0,0,0,0,0,0,0,0,0,0,0,0,14,0,8,5,6,0,0,5,14,8,37,9,0,0,0,0,0,0,0,0,0,0,0,0,0,0,0,0,0,0,0,0,0,0,0,0,0,0,0,0,0,0,0,0,0,0,0,0,9,10,0,0,0,0,0,0,0,0,0,0,0,0,0,0,0,0,0,0,0,0,0,0,0,15,0,0,0,0,0,0,0,0,0,0,0,0,0,0,0,0,0,5,0,0,0,0,0,0,0,0,0,0,0,0,0,0,0,0,6,0,0,0,0,0,0,0,0,0,0,6,0,5,8,11,0,0,0,0,0,8,0,0,5,6,0,17,21,12,14,15,16,18,13,26,0,0,0,0,0,0,0,7,0,0,0,0,5,0,0,0,0,0,0,0,0,0,0,7,5,6,0,6,7,11,9,12,0,0,6,0,0,0,0,0,0,0,0,0,11,0,0,0,0,27,7,6,5,7,7,21,22,21,20,59,79,51,32,24,0,0,0,5,0,15,0,5,0,0,0,0,9,0,0,0,0,0,0,0,0,5,10,0,0,0,0,0,0,11,0,0,0,5,7,8,0,24,0,6,0,0,0,7,7,0,0,7,0,0,0,0,0,8,0,0,8,0,0,0,0,0,0,0,11,31,13,5,0,0,0,0,0,0,0,6,0,0,0,0,0,0,0,0,0,0,0,0,0,0,0,7,5,27,10,0,10,12,9,0,0,0,0,5,0,0,5,14,0,0,0,0,0,0,0,0,0,9,0,0,0,0,0,8,0,7,6,0,0,5,0,0,0,0,0,0,0,0,0,0,0,0,0,0,0,0,0,0,0,0,0,0,0,0,0,0,0,0,0,0,0,0,7,0,0,0,0,0,0,0,0,0,0,0,0,0,0,0,0,0,0,0,0,0,0,0,0,0,0,0,0,0,0,0,0,0,0,6,0,0,0,0,0,0,13,0,5,0,0,0,0,0,0,0,0,0,0,0,0,0,0,0,0,0,0,0,0,0,0,0,0,0,0,0,0,0,8,39,5,0,0,0,0,0,0,11,0,7,8,50,6,0,0,5,6,0,0,7,6,0,0,0,0,7,0,0,0,5,16,0,0,0,0,0,0,0,0,0,0,0,0,0,0,0,0,0,0,0,0,6,0,0,0,0,5,0,0,5,0,28,0,0,0,0,0,0,0,0,0,0,0,7,0,0,0,0,0,0,0,0,0,7,5,0,0,0,0,0,0,0,0,8,0,18,0,0,0,0,0,0,0,0,0,8,0,0,0,0,0,6,0,0,0,8,7,0,0,0,0,0,12,0,6,0,0,0,9,0,0,0,0,5,0,0,0,12,6,0,0,0,0,6,0,5"
2024-09-04 10:17:33.190,"13,13,15,41,52,13,14,33,0,10,5,13,11,0,13,16,0,10,8,8,6,7,5,9,5,7,0,0,0,6,0,0,45,27,17,12,0,6,9,34,0,15,11,24,11,0,13,27,5,15,18,22,23,31,38,34,45,15,6,0,0,0,0,0,18,16,14,9,0,0,0,6,0,0,5,0,0,0,0,0,0,5,8,12,19,18,14,30,13,10,0,0,7,10,7,6,11,7,0,19,0,0,0,0,0,0,0,0,0,0,0,0,0,0,0,0,0,6,7,9,11,12,6,26,10,41,23,10,0,0,0,0,0,0,0,0,0,0,0,0,0,0,0,0,0,0,0,0,0,0,0,0,0,0,5,31,9,16,9,9,0,0,0,0,0,0,0,0,0,0,0,0,0,0,0,0,0,19,0,0,0,5,0,0,0,0,0,0,0,0,0,0,0,7,0,0,0,0,0,0,0,0,0,0,0,9,0,7,0,13,6,7,7,25,0,5,7,0,0,0,0,0,0,0,0,0,0,0,12,5,0,0,0,0,0,0,0,0,0,0,0,0,0,0,0,0,0,0,0,0,7,8,0,0,0,0,0,0,0,0,0,0,0,0,0,0,0,0,0,0,0,0,0,0,0,0,0,0,0,0,8,0,9,8,6,6,0,0,0,0,0,0,0,0,0,0,0,0,0,0,0,0,0,0,0,0,5,0,0,0,0,5,12,23,24,21,28,42,12,5,0,0,0,0,0,0,0,0,0,0,0,0,0,0,7,7,5,0,0,0,0,5,0,0,5,14,42,17,23,13,0,0,0,0,0,0,0,0,0,0,0,0,0,0,0,0,0,0,0,0,0,6,0,5,0,0,0,0,0,0,0,0,0,0,0,0,0,0,0,0,0,0,0,0,0,0,0,0,0,0,0,0,0,0,0,0,0,0,0,0,13,8,0,0,0,0,0,0,0,0,0,0,0,0,0,0,0,0,0,0,0,0,14,0,7,5,6,0,0,0,14,8,37,9,0,0,0,0,0,0,0,0,0,0,0,0,0,0,0,0,0,0,0,0,0,0,0,0,0,0,0,0,0,0,0,0,0,0,0,0,9,11,0,0,0,0,0,0,0,0,0,0,0,0,0,0,0,0,0,0,0,0,0,0,0,15,0,0,0,0,0,0,0,0,0,0,0,0,0,0,0,0,0,5,0,0,0,0,0,0,0,0,0,0,0,0,0,0,0,0,6,0,0,0,0,0,0,0,0,0,0,7,0,5,8,11,0,0,0,0,0,8,0,0,5,6,0,17,21,12,14,15,16,18,13,26,0,0,0,0,0,0,0,7,0,0,0,0,6,0,0,0,0,0,0,0,0,0,0,7,5,6,0,6,7,11,9,11,0,0,6,0,0,0,0,0,0,0,0,0,11,0,0,0,0,27,7,6,6,8,6,20,22,21,20,59,78,51,32,24,0,0,0,5,0,15,0,6,0,0,0,0,9,0,0,0,0,0,0,0,0,5,9,0,0,0,0,5,0,12,0,0,0,5,7,9,0,24,0,6,0,0,0,6,7,0,0,7,0,0,0,0,0,8,0,0,7,0,0,0,0,0,0,0,11,31,13,5,0,0,0,0,0,0,0,5,0,0,0,0,0,0,0,0,0,0,0,0,0,0,0,7,0,27,10,0,10,13,9,0,0,0,0,5,0,0,5,14,0,0,0,0,0,0,0,0,0,10,0,0,0,0,0,8,0,6,6,0,0,0,0,0,0,0,0,0,0,0,0,0,0,0,0,0,0,0,0,0,0,0,0,0,0,0,0,0,0,0,0,0,0,0,8,0,0,0,0,0,0,0,0,0,0,0,0,0,0,0,0,0,0,0,0,0,0,0,0,0,0,0,0,0,0,0,0,0,0,6,0,0,0,0,0,0,13,0,5,0,0,0,0,0,0,0,0,0,0,0,0,0,0,0,0,0,0,0,0,0,0,0,0,0,0,0,0,0,8,39,5,0,0,0,0,0,0,11,0,7,8,50,6,0,5,5,6,0,0,7,6,0,0,0,0,6,0,0,0,5,16,0,0,0,0,0,0,0,0,0,0,0,0,0,0,0,0,0,0,0,0,7,0,0,0,0,5,0,0,5,0,29,0,0,0,0,0,0,0,0,0,0,0,8,0,0,0,0,0,0,0,0,0,7,5,0,0,0,0,0,0,0,0,8,0,18,0,0,0,0,0,0,0,0,0,8,0,0,0,0,0,6,0,0,0,8,7,0,0,0,0,0,12,0,6,0,0,0,10,0,0,0,0,5,0,0,0,12,7,0,0,0,0,6,0,5"
2024-09-04 10:17:33.269,"13,13,15,41,52,13,13,33,0,10,5,13,11,0,13,16,0,10,8,8,6,6,5,9,0,7,0,0,0,6,0,0,45,27,18,12,0,5,9,34,0,15,11,24,11,0,12,28,5,15,18,22,23,31,38,34,45,16,5,0,0,0,0,0,18,16,13,9,0,0,0,6,0,0,5,0,0,0,0,0,0,5,8,11,19,18,14,30,14,9,0,0,6,10,6,6,11,8,0,19,0,0,0,0,0,0,0,0,0,0,0,0,0,0,0,0,0,6,6,9,10,11,6,26,11,40,22,11,0,0,0,0,0,0,0,0,0,0,0,0,0,0,0,0,0,0,0,0,0,0,0,0,0,0,5,31,9,15,9,8,0,0,0,0,0,0,0,0,0,0,0,0,0,0,0,0,0,19,0,0,0,5,0,0,0,0,0,0,0,0,0,0,0,7,0,0,0,0,0,0,0,0,0,0,0,9,0,7,0,14,6,6,8,25,0,0,6,0,0,0,0,0,0,0,0,0,0,0,11,5,0,0,0,0,0,0,0,0,0,0,0,0,0,0,0,0,0,0,0,0,8,8,0,0,0,0,0,0,0,0,0,0,0,0,0,0,0,0,0,0,0,0,0,0,0,0,0,0,0,0,8,0,8,8,6,7,0,0,0,0,0,0,0,0,0,0,0,0,0,0,0,0,0,0,0,0,5,0,0,0,0,5,12,22,24,20,27,40,12,0,0,0,0,0,0,0,0,0,0,0,0,0,0,0,6,7,5,0,0,0,0,5,0,0,5,15,42,17,26,13,0,0,0,0,0,0,0,0,0,0,0,0,0,0,0,0,0,0,0,0,0,6,0,5,0,0,0,0,0,0,0,0,0,0,0,0,0,0,0,0,0,0,0,0,0,0,0,0,0,0,0,0,0,0,0,0,0,0,0,0,13,8,0,0,0,0,0,0,0,0,0,0,0,0,0,0,0,0,0,0,0,0,14,0,6,5,6,0,0,0,14,7,38,9,0,0,0,0,0,0,0,0,0,0,0,0,0,0,0,0,0,0,0,0,0,0,0,0,0,0,0,0,0,0,0,0,0,0,0,0,9,11,0,0,0,0,0,0,0,0,0,0,0,0,0,0,0,0,0,0,0,0,0,0,0,15,0,0,0,0,0,0,0,0,0,0,0,0,0,0,0,0,0,5,0,0,0,0,0,0,0,0,0,0,0,0,0,0,0,0,7,0,0,0,0,0,0,0,0,0,0,6,0,5,8,11,0,0,0,0,0,9,0,0,5,6,0,17,21,12,14,15,16,18,13,26,0,0,0,0,0,0,0,6,0,0,0,0,5,0,0,0,0,0,0,0,0,0,0,7,5,6,0,6,8,11,9,11,0,0,6,0,0,0,0,0,0,0,0,0,11,0,0,0,0,26,7,6,5,8,6,21,22,21,20,59,79,52,33,24,0,0,0,6,0,14,0,6,0,0,0,0,9,0,0,0,0,0,0,0,0,5,9,0,0,0,0,5,0,12,0,0,0,5,7,8,0,24,0,5,0,0,0,6,7,0,0,6,0,0,0,0,0,9,0,0,8,0,0,0,0,0,0,0,11,31,13,5,0,0,0,0,0,0,0,6,0,0,0,0,0,0,0,0,0,0,0,0,0,0,0,7,5,27,10,0,10,12,9,0,0,0,0,5,0,0,5,14,0,0,0,0,0,0,0,0,0,9,0,0,0,0,0,8,0,7,6,0,0,5,0,0,0,0,0,0,0,0,0,0,0,0,0,0,0,0,0,0,0,0,0,0,0,0,0,0,0,0,0,0,0,0,7,0,0,0,0,0,0,0,0,0,0,0,0,0,0,0,0,0,0,0,0,0,0,0,0,0,0,0,0,0,0,0,0,0,0,7,0,0,0,0,0,0,13,0,5,0,0,0,0,0,0,0,0,0,0,0,0,0,0,0,0,0,0,0,0,0,0,0,0,0,0,0,0,0,8,39,6,0,0,0,0,0,0,12,0,7,8,49,6,0,5,6,6,0,0,8,6,0,0,0,0,7,0,0,0,5,16,0,0,0,0,0,0,0,0,0,0,0,0,0,0,0,0,0,0,0,0,7,0,0,0,0,5,0,0,5,0,28,0,0,0,0,0,0,0,0,0,0,0,8,0,0,0,0,0,0,0,0,0,7,5,0,0,0,0,0,0,0,0,8,0,18,0,0,0,0,0,0,0,0,0,8,0,0,0,0,0,6,0,0,5,8,7,0,0,0,0,0,12,0,6,0,0,0,9,0,0,0,0,0,0,0,0,13,6,0,0,0,0,6,0,5"
2024-09-04 10:17:33.338,"13,13,15,41,52,13,13,33,0,10,5,13,11,0,13,16,0,10,9,7,6,6,0,9,5,7,0,0,0,5,0,0,45,27,17,12,0,5,9,34,0,15,11,24,11,0,13,27,5,15,18,22,23,31,38,34,45,15,5,0,0,0,0,0,18,16,13,9,0,0,0,6,0,0,5,0,0,0,0,0,0,5,8,11,19,17,14,30,14,9,0,0,6,10,6,6,11,8,0,19,0,0,0,0,0,0,0,0,0,0,0,0,0,0,0,0,0,7,6,9,11,11,6,26,10,40,23,11,0,0,0,0,0,0,0,0,0,0,0,0,0,0,0,0,0,0,0,0,0,0,0,0,0,0,5,31,9,15,10,8,0,0,0,0,0,0,0,0,0,0,0,0,0,0,0,0,0,18,0,0,0,5,0,0,0,0,0,0,0,0,0,0,0,7,0,0,0,0,0,0,0,0,0,0,0,9,0,7,0,13,6,7,9,25,0,5,6,0,0,0,0,0,0,0,0,0,0,0,11,5,0,0,0,0,0,0,0,0,0,0,0,0,0,0,0,0,0,0,0,0,7,7,0,0,0,0,0,0,0,0,0,0,0,0,0,0,0,0,0,0,0,0,0,0,0,0,0,0,0,0,8,0,8,7,6,6,0,0,0,0,0,0,0,0,0,0,0,0,0,0,0,0,0,0,0,0,5,0,0,0,0,5,12,23,23,19,27,40,12,5,0,0,0,0,0,0,0,0,0,0,0,0,0,0,6,7,5,0,0,0,0,5,0,0,5,15,41,18,26,13,0,0,0,0,0,0,0,0,0,0,0,0,0,0,0,0,0,0,0,0,0,6,0,5,0,0,0,0,0,0,0,0,0,0,0,0,0,0,0,0,0,0,0,0,0,0,0,0,0,0,0,0,0,0,0,0,0,0,0,0,13,8,0,0,0,0,0,0,0,0,0,0,0,0,0,0,0,0,0,0,0,0,13,0,6,5,7,0,0,0,14,7,38,9,0,0,0,0,0,0,0,0,0,0,0,0,0,0,0,0,0,0,0,0,0,0,0,0,0,0,0,0,0,0,0,0,0,0,0,0,9,11,0,0,0,0,0,0,0,0,0,0,0,0,0,0,0,0,0,0,0,0,0,0,0,14,0,0,0,0,0,0,0,0,0,0,0,0,0,0,0,0,0,5,0,0,0,0,0,0,0,0,0,0,0,0,0,0,0,0,7,0,0,0,0,0,0,0,0,0,0,6,0,5,9,11,0,0,0,0,0,8,0,0,5,6,0,17,21,13,13,15,16,18,13,26,0,0,0,0,0,0,0,6,0,0,0,0,5,0,0,0,0,0,0,0,0,0,0,7,5,6,0,6,8,12,9,11,0,0,6,0,0,0,0,0,0,0,0,0,11,0,0,0,0,27,7,6,6,8,6,21,22,21,20,60,78,51,33,24,0,0,0,6,0,15,0,6,0,0,0,0,9,0,0,0,0,0,0,0,0,0,9,0,0,0,0,0,0,12,0,0,0,5,7,9,0,24,0,6,0,0,0,6,8,0,0,7,0,0,0,0,0,8,0,0,8,0,0,0,0,0,0,0,11,30,13,0,0,0,0,0,0,0,0,5,0,0,0,0,0,0,0,0,0,0,0,0,0,0,0,7,5,27,11,0,10,12,8,0,0,0,0,5,0,0,6,14,0,0,0,0,0,0,0,0,0,9,0,0,0,0,0,7,0,7,7,0,0,0,0,0,0,0,0,0,0,0,0,0,0,0,0,0,0,0,0,0,0,0,0,0,0,0,0,0,0,0,0,0,0,0,7,0,0,0,0,0,0,0,0,0,0,0,0,0,0,0,0,0,0,0,0,0,0,0,0,0,0,0,0,0,0,0,0,0,0,7,0,0,0,0,0,0,13,0,5,0,0,0,0,0,0,0,0,0,0,0,0,0,0,0,0,0,0,0,0,0,0,0,0,0,0,0,0,0,8,39,5,0,0,0,0,0,0,11,0,7,8,50,6,0,5,6,6,0,0,8,6,0,0,0,0,7,0,0,0,0,16,0,0,0,0,0,0,0,0,0,0,0,0,0,0,0,0,0,0,0,0,7,0,0,0,0,5,0,0,5,0,28,0,0,0,0,0,0,0,0,0,0,0,8,0,0,0,0,0,0,0,0,0,7,5,0,0,0,0,0,0,0,0,8,0,17,0,0,0,0,0,0,0,0,0,8,0,0,0,0,0,6,0,0,5,8,7,0,0,0,0,0,12,0,7,0,0,0,9,0,0,0,0,0,0,0,0,13,6,0,0,0,0,6,0,5"
2024-09-04 10:17:33.790,"13,13,15,41,52,13,13,33,0,10,5,14,11,0,13,16,0,10,8,8,6,6,0,9,5,7,0,0,0,5,0,0,45,27,17,12,0,5,8,35,0,15,11,24,11,0,12,28,5,15,18,22,23,32,38,34,45,15,5,0,0,0,0,0,18,17,13,9,0,0,0,6,0,0,5,0,0,0,0,0,0,5,8,11,19,17,14,30,14,9,0,0,7,11,6,6,11,7,0,19,0,0,0,0,0,0,0,0,0,0,0,0,0,0,0,0,0,6,6,9,10,11,6,26,11,40,23,10,5,0,0,0,0,0,0,0,0,0,0,0,0,0,0,0,0,0,0,0,0,0,0,0,0,0,5,30,10,16,9,8,0,0,0,0,0,0,0,0,0,0,0,0,0,0,0,0,0,19,0,0,0,0,0,0,0,0,0,0,0,0,0,0,0,7,0,0,0,0,0,0,0,0,5,0,0,9,0,8,0,14,6,7,10,25,0,5,8,0,0,0,0,0,0,0,0,0,0,0,12,5,0,0,0,0,0,0,0,0,0,0,0,0,0,0,0,0,0,0,0,0,7,8,0,0,0,0,0,0,0,0,0,0,0,0,0,0,0,0,0,0,0,0,0,0,0,0,0,0,0,0,9,0,9,6,6,7,0,0,0,0,0,0,0,0,0,0,0,0,0,0,0,0,0,0,0,0,5,0,0,0,0,5,13,23,23,20,27,42,12,5,0,0,0,0,0,0,0,0,0,0,0,0,0,0,6,7,5,0,0,0,0,5,0,0,5,14,40,18,21,15,5,0,0,0,0,0,0,0,0,0,0,0,0,0,0,0,0,0,0,0,0,0,0,5,0,0,0,0,0,0,0,0,0,0,0,0,0,0,0,0,0,0,0,0,0,0,0,0,0,0,0,0,0,0,0,0,0,0,0,0,14,7,0,0,0,0,0,0,0,0,0,0,0,0,0,0,0,0,0,0,0,0,13,0,6,5,7,0,0,0,14,7,37,9,0,0,0,0,0,0,0,0,0,0,0,0,0,0,0,0,0,0,0,0,0,0,0,0,0,0,0,0,0,0,0,0,0,0,0,0,9,11,0,0,0,0,0,0,0,0,0,0,0,0,0,0,0,0,0,0,0,0,0,0,0,12,0,0,0,0,0,0,0,0,0,0,0,0,0,0,0,0,0,5,0,0,0,0,0,0,0,0,0,0,0,0,0,0,0,0,6,0,0,0,0,0,0,0,0,0,0,7,0,5,8,11,0,0,0,0,0,9,0,0,6,6,0,17,21,13,14,15,16,18,13,26,0,0,0,0,0,0,0,6,0,0,0,0,5,0,0,0,0,0,0,0,0,0,0,6,6,6,0,6,7,11,9,12,0,0,6,0,0,0,0,0,0,0,0,0,12,0,0,0,0,26,7,6,5,8,6,21,22,21,20,59,79,51,33,24,0,0,0,5,0,14,0,6,0,0,0,0,10,0,0,0,0,0,0,0,0,5,9,0,0,0,0,0,0,12,0,0,0,5,7,8,0,23,0,5,0,0,0,6,8,0,0,6,0,0,0,0,0,9,0,0,8,0,0,0,0,0,0,0,11,30,13,5,0,0,0,0,0,0,0,5,0,0,0,0,0,0,0,0,0,0,0,0,0,0,0,7,5,27,10,0,10,12,9,0,0,0,0,5,0,0,5,14,0,0,0,0,0,0,0,0,0,9,0,0,0,0,0,8,0,7,7,0,0,5,0,0,0,0,0,0,0,0,0,0,0,0,0,0,0,0,0,0,0,0,0,0,0,0,0,0,0,0,0,0,0,0,8,0,0,0,0,0,0,0,0,0,0,0,0,0,0,0,0,0,0,0,0,0,0,0,0,0,0,0,0,0,0,0,0,0,0,6,0,0,0,0,0,0,13,0,5,0,0,0,0,0,0,0,0,0,0,0,0,0,0,0,0,0,0,0,0,0,0,0,0,0,0,0,0,0,8,39,5,0,0,0,0,0,0,11,0,7,8,50,6,5,6,6,6,0,0,7,6,0,0,0,0,7,0,0,0,0,16,0,0,0,0,0,0,0,0,0,0,0,0,0,0,0,0,0,0,0,0,7,0,0,0,0,5,0,0,5,0,29,0,0,0,0,0,0,0,0,0,0,0,7,0,0,0,0,0,0,0,0,0,7,5,0,0,0,0,0,0,0,0,9,0,18,0,0,0,0,0,0,0,0,0,8,0,0,0,0,0,5,0,0,5,8,7,0,0,0,0,0,12,0,7,0,0,0,9,0,0,0,0,5,0,0,0,12,7,0,0,0,0,6,0,5"
2024-09-04 10:17:33.843,"13,13,15,41,52,13,13,33,0,10,5,13,11,0,13,16,0,10,8,8,6,7,5,9,5,7,0,0,0,6,0,0,45,27,17,12,0,5,8,34,0,15,11,24,10,0,12,28,5,15,18,22,23,32,38,34,45,15,5,0,0,0,0,0,18,17,13,9,0,0,0,6,0,0,5,0,0,0,0,0,0,5,8,11,20,18,15,30,14,10,0,0,7,10,7,5,11,7,0,19,0,0,0,0,0,0,0,0,0,0,0,0,0,0,0,0,0,7,7,8,11,11,6,27,10,40,23,11,0,0,0,0,0,0,0,0,0,0,0,0,0,0,0,0,0,0,0,0,0,0,0,0,0,0,5,31,9,16,9,8,0,0,0,0,0,0,0,0,0,0,0,0,0,0,0,0,0,18,0,0,0,5,0,0,0,0,0,0,0,0,0,0,0,7,0,0,0,0,0,0,0,0,0,0,0,9,0,8,0,14,6,7,9,26,0,5,8,0,0,0,0,0,0,0,0,0,0,0,12,5,0,0,0,0,0,0,0,0,0,0,0,0,0,0,0,0,0,0,5,0,7,9,0,0,0,0,0,0,0,0,0,0,0,0,0,0,0,0,0,0,0,0,0,0,0,0,0,0,0,0,10,0,9,8,6,7,0,0,0,0,0,0,0,0,0,0,0,0,0,0,0,0,0,0,0,0,5,0,0,0,0,5,13,22,23,20,27,41,12,5,0,0,0,0,0,0,0,0,0,0,0,0,0,0,6,7,0,0,0,0,0,5,0,0,5,14,41,19,22,15,5,0,0,0,0,0,0,0,0,0,0,0,0,0,0,0,0,0,0,0,0,6,0,5,0,0,0,0,0,0,0,0,0,0,0,0,0,0,0,0,0,0,0,0,0,0,0,0,0,0,0,0,0,0,0,0,0,0,0,0,14,7,0,0,0,0,0,0,0,0,0,0,0,0,0,0,0,0,0,0,0,0,13,0,7,0,7,0,0,0,14,7,37,9,0,0,0,0,0,0,0,0,0,0,0,0,0,0,0,0,0,0,0,0,0,0,0,0,5,0,0,0,0,0,0,0,0,0,0,0,9,11,0,0,0,0,0,0,0,0,0,0,0,0,0,0,0,0,0,0,0,0,0,0,0,12,0,0,0,0,0,0,0,0,0,0,0,0,0,0,0,0,0,5,0,0,0,0,0,0,0,0,0,0,0,0,0,0,0,0,6,0,0,0,0,0,0,0,0,0,0,7,0,5,8,12,0,0,0,0,0,8,0,0,6,6,0,17,21,12,14,15,16,18,13,26,0,0,0,0,0,0,0,6,0,0,0,0,5,0,0,0,0,0,0,0,0,0,0,7,6,6,0,6,7,11,9,12,0,0,6,0,0,0,0,0,0,0,0,0,11,0,0,0,0,27,7,6,5,8,6,20,22,20,20,59,78,51,33,25,0,0,0,5,0,14,0,6,0,0,0,0,10,0,0,0,0,0,0,0,0,5,9,0,0,0,0,0,0,12,0,0,0,5,7,9,0,22,0,6,0,0,0,6,8,0,0,7,0,0,0,0,0,9,0,0,8,0,0,0,0,0,0,0,11,30,13,5,0,0,0,0,0,0,0,6,0,0,0,0,0,0,0,0,0,0,0,0,0,0,0,7,5,27,11,0,10,12,9,0,0,0,0,5,0,0,6,14,0,0,0,0,0,0,0,0,0,9,0,0,0,0,0,8,0,7,6,0,0,0,0,0,0,0,0,0,0,0,0,0,0,0,0,0,0,0,0,0,0,0,0,0,0,0,0,0,0,0,0,0,0,0,7,0,0,0,0,0,0,0,0,0,0,0,0,0,0,0,0,0,0,0,0,0,0,0,0,0,0,0,0,0,0,0,0,0,0,7,0,0,0,0,0,0,13,0,5,0,0,0,0,0,0,0,0,0,0,0,0,0,0,0,0,0,0,0,0,0,0,0,0,0,0,0,0,0,8,39,6,0,0,0,0,0,0,12,0,7,8,50,6,0,5,6,6,0,0,8,6,0,0,0,0,7,0,0,0,5,16,0,0,0,0,0,0,0,0,0,0,0,0,0,0,0,0,0,0,0,0,6,0,0,0,0,5,0,0,5,0,28,0,0,0,0,0,0,0,0,0,0,0,8,0,0,0,0,0,0,0,0,0,7,5,0,0,0,0,0,0,0,0,8,0,17,0,0,0,0,0,0,0,0,0,8,0,0,0,0,0,5,0,0,5,8,7,0,0,0,0,0,12,0,7,0,0,0,9,0,0,0,0,5,0,0,0,12,6,0,0,0,0,6,0,5"
2024-09-04 10:17:33.996,"13,13,16,41,52,13,13,33,0,10,5,13,11,0,13,16,0,10,8,7,6,6,5,9,5,7,0,0,0,6,0,0,45,27,18,11,0,5,8,34,0,15,12,24,11,0,12,28,5,15,18,22,23,31,38,34,46,15,5,0,0,0,0,0,18,16,14,9,0,0,0,6,0,0,5,0,0,0,0,0,0,5,8,11,19,18,15,30,14,10,0,0,6,10,6,6,10,8,0,19,0,0,0,0,0,0,0,0,0,0,0,0,0,0,0,0,0,7,7,9,10,11,6,26,11,40,23,11,0,0,0,0,0,0,0,0,0,0,0,0,0,0,0,0,0,0,0,0,0,0,0,0,0,0,5,30,9,15,9,8,0,0,0,0,0,0,0,0,0,0,0,0,0,0,0,0,0,19,0,0,0,0,0,0,0,0,0,0,0,0,0,0,0,7,0,0,0,0,0,0,0,0,0,0,0,9,0,9,0,14,6,6,8,25,0,5,7,0,0,0,0,0,0,0,0,0,0,0,12,6,0,0,0,0,0,0,0,0,0,0,0,0,0,0,0,0,0,0,0,0,7,7,0,0,0,0,0,0,0,0,0,0,0,0,0,0,0,0,0,0,0,0,0,0,0,0,0,0,0,0,9,0,9,7,6,7,0,0,0,0,0,0,0,0,0,0,0,0,0,0,0,0,0,0,0,0,5,0,0,0,0,5,13,22,23,20,27,42,12,5,0,0,0,0,0,0,0,0,0,0,0,0,0,0,6,7,5,0,5,0,0,0,0,0,0,15,41,18,22,16,5,0,0,0,0,0,0,0,0,0,0,0,0,0,0,0,0,0,0,0,0,7,0,5,0,0,0,0,0,0,0,0,0,0,0,0,0,0,0,0,0,0,0,0,0,0,0,0,0,0,0,0,0,0,0,0,0,0,0,0,14,8,0,0,0,0,0,0,0,0,0,0,0,0,0,0,0,0,0,0,0,0,13,0,8,5,7,0,0,0,14,7,37,9,0,0,0,0,0,0,0,0,0,0,0,0,0,0,0,0,0,0,0,0,0,0,0,0,5,0,0,0,0,0,0,0,0,0,0,0,9,10,0,0,0,0,0,0,0,0,0,0,0,0,0,0,0,0,0,0,0,0,0,0,0,13,0,0,0,0,0,0,0,0,0,0,0,0,0,0,0,0,0,5,0,0,0,0,0,0,0,0,0,0,0,0,0,0,0,0,7,0,0,0,0,0,0,0,0,0,0,7,0,5,8,12,0,0,0,0,0,9,0,0,5,6,0,17,21,12,14,15,15,18,13,26,0,0,0,0,0,0,0,6,0,0,0,0,5,0,0,0,0,0,0,0,0,0,0,6,6,6,0,6,7,11,9,12,0,0,5,0,0,0,0,0,0,0,0,0,11,0,0,0,0,26,7,6,5,8,6,21,22,21,20,59,79,51,32,25,0,0,0,6,0,14,0,6,0,0,0,0,9,0,0,0,0,0,0,0,0,5,9,0,0,0,0,0,0,12,0,0,0,5,7,9,0,22,0,5,0,0,0,7,7,0,0,7,0,0,0,0,0,9,0,0,8,0,0,0,0,0,0,0,11,31,13,5,0,0,0,0,0,0,0,6,0,0,0,0,0,0,0,0,0,0,0,0,0,0,0,7,0,27,10,0,10,13,9,0,0,0,0,6,0,0,5,15,0,0,0,0,0,0,0,0,0,9,0,0,0,0,0,8,0,7,6,0,0,0,0,0,0,0,0,0,0,0,0,0,0,0,0,0,0,0,0,0,0,0,0,0,0,0,0,0,0,0,0,0,0,0,7,0,0,0,0,0,0,0,0,0,0,0,0,0,0,0,0,0,0,0,0,0,0,0,0,0,0,0,0,0,0,0,0,0,0,6,0,0,0,0,0,0,13,0,5,0,0,0,0,0,0,0,0,0,0,0,0,0,0,0,0,0,0,0,0,0,0,0,0,0,0,0,0,0,8,39,5,0,0,0,0,0,0,11,0,7,9,51,6,0,5,6,6,0,0,8,6,0,0,0,0,6,0,0,0,5,16,0,0,0,0,0,0,0,0,0,0,0,0,0,0,0,0,0,0,0,0,7,0,0,0,0,5,0,0,5,0,28,0,0,0,0,0,0,0,0,0,0,0,8,0,0,0,0,0,0,0,0,0,7,5,0,0,0,0,0,0,0,0,8,0,18,0,0,0,0,0,0,0,0,0,8,0,0,0,0,0,6,0,0,0,8,7,0,0,0,0,0,12,0,6,0,0,0,9,0,0,0,0,0,0,0,0,12,6,0,0,0,0,6,0,5"
2024-09-04 10:17:34.003,"13,13,16,41,52,13,13,33,0,9,5,13,11,0,14,16,0,10,8,7,6,7,0,9,5,7,0,0,0,5,0,0,45,26,17,12,0,5,8,34,0,15,12,24,11,0,13,28,5,15,18,22,23,32,38,34,45,15,5,0,0,0,0,0,18,17,13,9,0,0,0,6,0,0,5,0,0,0,0,0,0,0,7,11,19,18,14,30,14,10,0,0,7,10,7,5,11,7,0,19,0,0,0,0,0,0,0,0,0,0,0,0,0,0,0,0,0,6,7,8,11,11,6,27,10,40,23,11,0,0,0,0,0,0,0,0,0,0,0,0,0,0,0,0,0,0,0,0,0,0,0,0,0,0,5,31,9,16,9,8,0,0,0,0,0,0,0,0,0,0,0,0,0,0,0,0,0,19,5,0,0,5,0,0,0,0,0,0,0,0,0,0,0,7,0,0,0,0,0,0,0,0,0,0,0,9,0,7,0,14,7,7,10,26,0,5,6,0,0,0,0,0,0,0,0,5,0,0,12,5,0,0,0,0,0,0,0,0,0,0,0,0,0,0,0,0,0,0,0,0,8,6,0,0,0,0,0,0,0,0,0,0,0,0,0,0,0,0,0,0,0,0,0,0,0,0,0,0,0,0,9,0,9,8,6,7,0,0,0,0,0,0,0,0,0,0,0,0,0,0,0,0,0,0,0,0,0,0,0,0,0,5,12,23,22,19,27,43,12,5,0,0,0,0,0,0,0,0,0,0,0,0,0,0,6,7,5,0,5,0,0,5,0,0,5,14,40,19,33,17,5,0,0,0,0,0,0,0,0,0,0,0,0,0,0,0,0,0,0,0,0,7,0,5,0,0,0,0,0,0,0,0,0,0,0,0,0,0,0,0,0,0,0,0,0,0,0,0,0,0,0,0,0,0,0,0,0,0,0,0,14,7,0,5,0,0,0,0,0,0,0,0,0,0,0,0,0,0,0,0,0,0,14,0,8,5,7,0,0,5,14,7,37,9,0,0,0,0,0,0,0,0,0,0,0,0,0,0,0,0,0,0,0,0,0,0,0,0,0,0,0,0,0,0,0,0,0,0,0,0,9,11,0,0,0,0,0,0,0,0,0,0,0,0,0,0,0,0,0,0,0,0,0,0,0,12,0,0,0,0,0,0,0,0,0,0,0,0,0,0,0,0,0,6,0,0,0,0,0,0,0,0,0,0,0,0,0,0,0,0,6,0,0,0,0,0,0,0,0,0,0,7,0,5,8,12,0,0,0,0,0,9,0,0,6,6,0,17,21,12,14,15,16,18,13,26,0,0,0,0,0,0,0,6,0,0,0,0,5,0,0,0,0,0,0,0,0,0,0,7,5,5,0,6,7,11,9,12,0,0,6,0,0,0,0,0,0,0,0,0,11,0,0,0,0,26,6,6,6,8,6,20,22,20,20,59,78,51,32,24,0,0,0,5,0,14,0,6,0,0,0,0,10,0,0,0,0,0,0,0,0,5,9,0,0,0,0,0,0,11,0,0,0,5,7,9,0,22,0,6,0,0,0,6,8,0,0,7,0,0,0,0,0,8,0,0,8,0,0,0,0,0,0,0,11,30,13,5,0,0,0,0,0,0,0,6,0,0,0,0,0,0,0,0,0,0,0,0,0,0,0,7,5,27,10,0,10,13,9,0,0,0,0,6,0,0,5,14,0,0,0,0,0,0,0,0,0,10,0,0,0,0,0,8,0,7,6,0,0,0,0,0,0,0,0,0,0,0,0,0,0,0,0,0,0,0,0,0,0,0,0,0,0,0,0,0,0,0,0,0,0,0,7,0,0,0,0,0,0,0,0,0,0,0,0,0,0,0,0,0,0,0,0,0,0,0,0,0,0,0,0,0,0,0,0,0,0,6,0,0,0,0,0,0,13,0,5,0,0,0,0,0,0,0,0,0,0,0,0,0,0,0,0,0,0,0,0,0,0,0,0,0,0,0,0,0,8,39,5,0,0,0,0,0,0,12,0,7,8,50,6,0,5,6,6,0,0,7,6,5,0,0,0,7,0,0,0,0,16,0,0,0,0,0,0,0,0,0,0,0,0,0,0,0,0,0,0,0,0,7,0,0,0,0,5,0,0,5,0,28,0,0,0,0,0,0,0,0,0,0,0,8,0,0,0,0,0,0,0,0,0,7,5,0,0,0,0,0,0,0,0,8,0,18,0,0,0,0,0,0,0,0,0,8,0,0,0,0,0,6,0,0,0,8,7,0,0,0,0,0,12,0,6,0,0,0,10,0,0,0,0,5,0,0,0,12,6,0,0,0,0,6,0,5"
2024-09-04 10:17:34.084,"13,13,15,41,52,13,13,33,0,10,5,13,11,0,13,16,0,10,8,8,6,7,5,9,5,7,0,0,0,6,0,0,45,27,18,12,0,5,8,34,0,15,12,24,10,0,12,28,5,15,18,22,23,31,38,34,45,15,5,0,0,0,0,0,18,17,13,9,0,0,0,6,0,0,5,0,0,0,0,0,0,0,8,11,19,18,15,31,13,10,0,0,7,10,6,5,11,7,0,19,0,0,0,0,0,0,0,0,0,0,0,0,0,0,0,0,0,6,7,8,10,11,6,27,10,40,23,11,0,0,0,0,0,0,0,0,0,0,0,0,0,0,0,0,0,0,0,0,0,0,0,0,0,0,0,31,9,16,9,8,0,0,0,0,0,0,0,0,0,0,0,0,0,0,0,0,0,19,0,0,0,5,0,0,0,0,0,0,0,0,0,0,0,7,0,0,0,0,0,0,0,0,0,0,0,8,0,7,0,14,6,7,10,26,0,5,7,0,0,0,0,0,0,0,0,0,0,0,12,5,0,0,0,0,0,0,0,0,0,0,0,0,0,0,0,0,0,0,0,0,7,8,0,0,0,0,0,0,0,0,0,0,0,0,0,0,0,0,0,0,0,0,0,0,0,0,0,0,0,0,8,0,9,6,6,6,0,0,0,0,0,0,0,0,0,0,0,0,0,0,0,0,0,0,0,0,5,0,0,0,0,5,12,22,22,20,27,42,12,5,0,0,0,0,0,0,0,0,0,0,0,0,0,0,6,7,5,0,0,0,0,5,0,0,5,14,41,19,33,15,5,0,0,0,0,0,0,0,0,0,0,0,0,0,0,0,0,0,0,0,0,6,0,5,0,0,0,0,0,0,0,0,0,0,0,0,0,0,0,0,0,0,0,0,0,0,0,0,0,0,0,0,0,0,0,0,0,0,0,0,13,8,0,0,0,0,0,0,0,0,0,0,0,0,0,0,0,0,0,0,0,0,14,0,8,6,7,0,0,5,14,7,38,9,0,0,0,0,0,0,0,0,0,0,0,0,0,0,0,0,0,0,0,0,0,0,0,0,0,0,0,0,0,0,0,0,0,0,0,0,9,10,0,0,0,0,0,0,0,0,0,0,0,0,0,0,0,0,0,0,0,0,0,0,0,13,0,0,0,0,0,0,0,0,0,0,0,0,0,0,0,0,0,5,0,0,0,0,0,0,0,0,0,0,0,0,0,0,0,0,7,0,0,0,0,0,0,0,0,0,0,7,0,5,8,12,0,0,0,0,0,8,0,0,5,6,0,17,21,12,13,15,16,18,13,26,0,0,0,0,0,0,0,6,0,0,0,0,5,0,0,0,0,0,0,0,0,0,0,6,6,6,0,6,7,11,9,12,0,0,5,0,0,0,0,0,0,0,0,0,11,0,0,0,0,26,7,6,6,8,6,21,22,21,20,59,77,50,33,24,0,0,0,6,0,14,0,6,0,0,0,0,9,0,0,0,0,0,0,0,0,5,9,0,0,0,0,0,0,11,0,0,0,5,7,8,0,22,0,5,0,0,0,6,7,0,0,6,0,0,0,0,0,9,0,0,8,0,0,0,0,0,0,0,11,31,13,5,0,0,0,0,0,0,0,6,0,0,0,0,0,0,0,0,0,0,0,0,0,0,0,7,5,27,11,0,10,13,9,0,0,0,0,6,0,0,5,14,0,0,0,0,0,0,0,0,0,10,0,0,0,0,0,8,0,7,6,0,0,5,0,0,0,0,0,0,0,0,0,0,0,0,0,0,0,0,0,0,0,0,0,0,0,0,0,0,0,0,0,0,0,0,8,0,0,0,0,0,0,0,0,0,0,0,0,0,0,0,0,0,0,0,0,0,0,0,0,0,0,0,0,0,0,0,0,0,0,6,0,0,0,0,0,0,13,0,5,0,0,0,0,0,0,0,0,0,0,0,0,0,0,0,0,0,0,0,0,0,0,0,0,0,0,0,0,0,10,40,5,0,0,0,0,0,0,11,0,7,8,51,6,0,5,6,6,0,0,7,6,5,0,0,0,7,0,0,0,5,16,0,0,0,0,0,0,0,0,0,0,0,0,0,0,0,0,0,0,0,0,7,0,0,0,0,5,0,0,5,0,29,0,0,0,0,0,0,0,0,0,0,0,7,0,0,0,0,0,0,0,0,0,8,5,0,0,0,0,0,0,0,0,9,0,18,0,0,0,0,0,0,0,0,0,8,0,0,0,0,0,6,0,0,5,8,7,0,0,0,0,0,12,0,7,0,0,0,10,0,0,0,0,5,0,0,0,12,7,0,0,0,0,6,0,5"
2024-09-04 10:17:34.210,"13,13,16,41,53,13,14,33,0,9,5,13,11,0,13,16,0,10,8,8,6,7,5,8,5,7,0,0,0,6,0,0,45,27,17,12,0,5,9,34,0,15,12,23,11,0,13,27,5,15,18,22,23,32,38,35,45,15,5,0,0,5,0,0,18,17,13,9,0,0,0,6,0,0,5,0,0,0,0,0,0,5,8,12,19,18,14,30,14,10,0,0,7,10,7,5,11,7,5,19,0,0,0,0,0,0,0,0,0,0,0,0,0,0,0,0,0,6,7,8,10,11,6,26,10,41,23,11,0,0,0,0,0,0,0,0,0,0,0,0,0,0,0,0,0,0,0,0,0,0,0,0,0,0,0,31,9,16,9,9,0,0,0,0,0,0,0,0,0,0,0,0,0,0,0,0,0,19,0,0,0,5,0,0,0,0,0,0,0,0,0,0,0,7,0,0,0,0,0,0,0,0,0,0,0,8,0,8,0,14,6,7,8,26,0,5,7,0,0,0,0,0,0,0,0,0,0,0,12,0,0,0,0,0,0,0,0,0,0,0,0,0,0,0,0,0,0,0,0,0,7,8,0,0,0,0,0,0,0,0,0,0,0,0,0,0,0,0,0,0,0,0,0,0,0,0,0,0,0,0,8,0,8,7,6,7,0,0,0,0,0,0,0,0,0,0,0,0,0,0,0,0,0,0,0,0,5,0,0,0,0,5,12,22,23,17,26,43,12,5,0,0,0,0,0,0,0,0,0,0,0,0,0,0,6,7,5,0,0,0,0,5,0,0,5,14,41,18,33,16,5,0,0,0,0,0,0,0,0,0,0,0,0,0,0,0,0,0,0,0,0,5,0,5,0,0,0,0,0,0,0,0,0,0,0,0,0,0,0,0,0,0,0,0,0,0,0,0,0,0,0,0,0,0,0,0,0,0,0,0,14,7,0,0,0,0,0,0,0,0,0,0,0,0,0,0,0,0,0,0,0,0,14,0,9,5,7,0,0,0,14,7,37,9,0,0,0,0,0,0,0,0,0,0,0,0,0,0,0,0,0,0,0,0,0,0,0,0,0,0,0,0,0,0,0,0,0,0,0,0,9,11,0,0,0,0,0,0,0,0,0,0,0,0,0,0,0,0,0,0,0,0,0,0,0,14,0,0,0,0,0,0,0,0,0,0,0,0,0,0,0,0,0,6,0,0,0,0,0,0,0,0,0,0,0,0,0,0,0,0,7,0,0,0,0,0,0,0,0,0,0,7,0,5,9,11,0,0,0,0,0,8,0,0,5,6,0,17,21,12,14,14,16,18,13,26,0,0,0,0,0,0,0,6,0,0,0,0,5,0,0,0,0,0,0,0,0,0,0,7,5,6,0,5,7,11,9,11,0,0,5,0,0,0,0,0,0,0,0,0,11,0,0,0,0,26,6,6,5,8,6,19,22,20,19,59,78,51,32,24,0,0,0,6,0,14,0,6,0,0,0,0,9,0,0,0,0,0,0,0,0,5,9,0,0,0,0,0,0,12,0,0,0,5,7,9,0,22,0,5,0,0,0,7,7,0,0,7,0,0,0,0,0,9,0,0,8,0,0,0,0,0,0,0,11,31,13,5,0,0,0,0,0,0,0,6,0,0,0,0,0,0,0,0,0,0,0,0,0,0,0,7,5,27,10,0,10,13,9,0,0,0,0,6,0,0,5,15,0,0,0,0,0,0,0,0,0,10,0,0,0,0,0,8,0,7,6,0,0,0,0,0,0,0,0,0,0,0,0,0,0,0,0,0,0,0,0,0,0,0,0,0,0,0,0,0,0,0,0,0,0,0,8,0,0,0,0,0,0,0,0,0,0,0,0,0,0,0,0,0,0,0,0,0,0,0,0,0,0,0,0,0,0,0,0,0,0,6,0,0,0,0,0,0,13,0,5,0,0,0,0,0,0,0,0,0,0,0,0,0,0,0,0,0,0,0,0,0,0,0,0,0,0,0,0,0,8,39,5,0,0,0,0,0,0,12,0,7,8,50,6,0,5,6,7,0,0,7,6,5,0,0,0,7,0,0,0,5,16,0,0,0,0,0,0,0,0,0,0,0,0,0,0,0,0,0,0,0,0,7,0,0,0,0,5,0,0,5,0,29,0,0,0,0,0,0,0,0,0,0,0,8,0,0,0,0,0,0,0,0,0,7,5,0,0,0,0,0,0,0,0,9,0,18,0,0,0,0,0,0,0,0,0,8,0,0,0,0,0,6,0,0,5,8,7,0,0,0,0,0,12,0,6,0,0,0,9,0,0,0,0,5,0,0,0,12,6,0,0,0,0,7,0,5"
2024-09-04 10:17:34.267,"13,13,15,41,53,13,13,33,0,10,5,13,11,0,14,16,0,10,9,8,6,7,5,9,5,7,0,0,0,5,0,0,45,27,17,11,0,5,8,34,0,15,12,24,11,0,12,28,5,15,18,22,23,31,38,34,45,16,5,0,0,0,0,0,18,16,13,9,0,0,0,6,0,0,5,0,0,0,0,0,0,0,8,11,19,18,15,30,14,10,0,0,7,10,7,6,11,8,5,19,0,0,0,0,0,0,0,0,0,0,0,0,0,0,0,0,0,7,7,9,10,11,6,26,10,40,23,11,0,0,0,0,0,0,0,0,0,0,0,0,0,0,0,0,0,0,0,0,0,0,0,0,0,0,5,30,9,15,9,8,0,0,0,0,0,0,0,0,0,0,0,0,0,0,0,0,0,19,0,0,0,0,0,0,0,0,0,0,0,0,0,0,0,7,0,0,0,0,0,0,0,0,0,0,0,9,0,7,0,14,6,6,9,25,0,5,6,0,0,0,0,0,0,0,0,0,0,0,11,5,0,0,0,0,0,0,0,0,0,0,0,0,0,0,0,0,0,0,0,0,7,7,0,0,0,0,0,0,0,0,0,0,0,0,0,0,0,0,0,0,0,0,0,0,0,0,0,0,0,0,8,0,9,7,6,7,0,0,0,0,0,0,0,0,0,0,0,0,0,0,0,0,0,0,0,0,5,0,0,0,0,5,12,22,24,17,26,43,12,5,0,0,0,0,0,0,0,0,0,0,0,0,0,0,6,7,5,0,5,0,0,0,0,0,5,15,41,19,29,16,5,0,0,0,0,0,0,0,0,0,0,0,0,0,0,0,0,0,0,0,0,7,0,5,0,0,0,0,0,0,0,0,0,0,0,0,0,0,0,0,0,0,0,0,0,0,0,0,0,0,0,0,0,0,0,0,0,0,0,0,14,7,0,0,0,0,0,0,0,0,0,0,0,0,0,0,0,0,0,0,0,0,14,0,9,5,7,0,0,5,14,7,37,8,0,0,0,0,0,0,0,0,0,0,0,0,0,0,0,0,0,0,0,0,0,0,0,0,0,0,0,0,0,0,0,0,0,0,0,0,9,10,0,0,0,0,0,0,0,0,0,0,0,0,0,0,0,0,0,0,0,0,0,0,0,15,0,0,0,0,0,0,0,0,0,0,0,0,0,0,0,0,0,5,0,0,0,0,0,0,0,0,0,0,0,0,0,0,0,0,6,0,0,0,0,0,0,0,0,0,0,7,0,5,8,11,0,0,0,0,0,8,0,0,6,6,0,17,21,12,13,14,16,18,13,26,0,0,0,0,0,0,0,6,0,0,0,0,6,0,0,0,0,0,0,0,0,0,0,6,6,6,0,6,7,11,9,12,0,0,5,0,0,0,0,0,0,0,0,0,11,0,0,0,0,26,6,6,5,8,6,19,22,20,19,59,78,50,33,24,0,0,0,5,0,14,0,6,0,0,0,0,9,0,0,0,0,0,0,0,0,5,9,0,0,0,0,0,0,12,0,0,0,5,7,9,0,22,0,5,0,0,0,6,7,0,0,6,0,0,0,0,0,9,0,0,8,0,0,0,0,0,0,0,11,31,13,5,0,0,0,0,0,0,0,6,0,0,0,0,0,0,0,0,0,0,0,0,0,0,0,7,5,27,11,0,10,12,9,0,0,0,0,6,0,0,5,14,0,0,0,0,0,0,0,0,0,9,0,0,0,0,0,8,0,8,6,0,0,0,0,0,0,0,0,0,0,0,0,0,0,0,0,0,0,0,0,0,0,0,0,0,0,0,0,0,0,0,0,0,0,0,8,0,0,0,0,0,0,0,0,0,0,0,0,0,0,0,0,0,0,0,0,0,0,0,0,0,0,0,0,0,0,0,0,0,0,7,0,0,0,0,0,0,13,0,5,0,0,0,0,0,0,0,0,0,0,0,0,0,0,0,0,0,0,0,0,0,0,0,0,0,0,0,0,0,9,39,5,0,0,0,0,0,0,12,0,7,8,50,6,0,6,6,7,0,0,8,6,5,0,0,0,7,0,0,0,0,16,0,0,0,0,0,0,0,0,0,0,0,0,0,0,0,0,0,0,0,0,6,0,0,0,0,5,0,0,5,0,28,0,0,0,0,0,0,0,0,0,0,0,7,0,0,0,0,0,0,0,0,0,7,5,0,0,0,0,0,5,0,0,8,0,17,0,0,0,0,0,0,0,0,0,8,0,0,0,0,0,6,0,0,5,8,7,0,0,0,0,0,12,0,7,0,0,0,9,0,0,0,0,0,0,0,0,13,6,0,0,0,0,6,0,5"
